timestamp,user_id,ip,device_type,login_success,failed_attempts,location,session_duration,label
2025-12-05 21:47:24.290146,user_022,192.168.6.241,Android,1,0,Sri Lanka,1368,normal
2025-11-30 10:30:15.290146,user_017,192.168.9.4,iOS,1,0,UK,873,normal
2025-11-30 18:39:35.290146,user_022,192.168.1.151,Android,1,0,Australia,859,normal
2025-11-30 22:17:26.290146,user_032,192.168.9.56,Android,1,0,India,269,normal
2025-12-02 17:40:58.290146,user_006,192.168.2.83,Android,1,0,UK,1793,normal
2025-12-04 12:30:15.290146,user_017,192.168.4.91,Linux,1,0,UK,371,normal
2025-12-03 18:09:50.290146,user_010,192.168.9.200,Windows,1,0,UK,191,normal
2025-12-02 23:01:31.290146,user_004,192.168.9.106,Linux,1,0,Australia,858,normal
2025-12-03 12:43:54.290146,user_016,192.168.8.194,Linux,1,0,Sri Lanka,777,normal
2025-12-03 00:06:44.290146,user_045,192.168.4.152,Linux,1,0,USA,654,normal
2025-11-30 00:03:47.290146,user_038,192.168.3.113,iOS,1,0,Australia,1011,normal
2025-12-03 01:45:46.290146,user_028,192.168.6.48,Android,1,0,Sri Lanka,526,normal
2025-12-02 19:35:16.290146,user_021,192.168.10.238,Windows,1,0,India,985,normal
2025-12-03 16:17:49.290146,user_014,192.168.1.100,Linux,1,0,Australia,1111,normal
2025-12-06 00:11:55.290146,user_018,192.168.5.172,Linux,1,0,India,1112,normal
2025-12-02 13:45:07.290146,user_041,192.168.4.213,Windows,1,0,USA,677,normal
2025-12-04 22:10:00.290146,user_049,192.168.3.60,Windows,1,0,USA,802,normal
2025-12-05 12:16:24.290146,user_048,192.168.1.48,iOS,1,0,USA,1183,normal
2025-12-04 02:45:04.290146,user_015,192.168.6.225,Android,1,0,Australia,308,normal
2025-12-02 03:25:22.290146,user_048,192.168.5.66,iOS,1,0,India,1238,normal
2025-12-02 01:19:45.290146,user_027,192.168.9.233,Linux,1,0,Australia,890,normal
2025-12-06 21:22:33.297780,user_036,10.20.8.105,Android,1,0,USA,8289,anomalous
2025-12-05 12:03:36.290146,user_032,192.168.9.130,Android,1,0,USA,1143,normal
2025-12-06 18:24:33.297780,user_048,185.199.108.1,MacOS,1,0,Unknown,366,anomalous
2025-12-05 10:38:14.290146,user_023,192.168.9.91,Linux,1,0,India,1271,normal
2025-12-04 15:38:00.290146,user_006,192.168.10.152,Linux,1,0,Australia,1298,normal
2025-12-04 04:53:15.290146,user_021,192.168.5.7,iOS,1,0,Sri Lanka,1795,normal
2025-12-03 16:24:21.290146,user_012,192.168.2.132,MacOS,1,0,USA,67,normal
2025-12-05 07:39:08.290146,user_013,192.168.3.39,Windows,1,0,UK,288,normal
2025-12-07 00:04:33.297780,user_034,122.1.10.115,Android,1,0,Russia,79,anomalous
2025-12-01 10:13:24.290146,user_034,192.168.9.165,MacOS,1,0,USA,1275,normal
2025-11-29 20:20:33.290146,user_012,192.168.10.154,Android,1,0,USA,1202,normal
2025-12-03 07:18:53.290146,user_001,192.168.8.103,iOS,1,0,Australia,508,normal
2025-12-04 06:04:14.290146,user_002,192.168.5.195,MacOS,1,0,USA,1526,normal
2025-11-30 00:04:50.290146,user_013,192.168.9.234,Linux,1,0,USA,1319,normal
2025-11-29 20:13:23.290146,user_039,192.168.5.92,iOS,1,0,India,859,normal
2025-12-03 20:09:42.290146,user_013,192.168.8.236,Windows,1,0,USA,214,normal
2025-12-05 11:11:30.290146,user_029,192.168.9.201,Android,1,0,Australia,1375,normal
2025-11-30 01:26:08.290146,user_037,192.168.9.139,Android,1,0,Australia,1451,normal
2025-12-02 14:30:35.290146,user_045,192.168.1.249,Windows,1,0,Sri Lanka,712,normal
2025-12-06 00:02:00.290146,user_001,192.168.9.45,MacOS,1,0,USA,239,normal
2025-11-30 02:41:14.290146,user_041,192.168.4.160,Android,1,0,Australia,1121,normal
2025-12-01 01:36:28.290146,user_021,192.168.8.225,iOS,1,0,USA,595,normal
2025-12-06 05:03:18.290146,user_013,192.168.10.3,Linux,1,0,Australia,507,normal
2025-12-02 22:24:19.290146,user_044,192.168.2.219,iOS,1,0,USA,1159,normal
2025-12-05 01:48:37.290146,user_033,192.168.6.2,MacOS,1,0,USA,286,normal
2025-12-06 22:23:33.297780,user_047,122.1.199.179,Windows,1,0,Russia,181,anomalous
2025-12-06 06:56:28.290146,user_046,192.168.8.136,Android,1,0,Australia,255,normal
2025-12-01 17:32:56.290146,user_041,192.168.4.142,iOS,1,0,USA,1319,normal
2025-11-30 01:49:38.290146,user_008,192.168.1.93,iOS,1,0,Sri Lanka,1146,normal
2025-12-02 15:44:41.290146,user_042,192.168.4.10,Windows,1,0,Australia,139,normal
2025-11-30 03:13:09.290146,user_045,192.168.4.117,MacOS,1,0,UK,1270,normal
2025-11-29 23:13:38.290146,user_024,192.168.3.213,Android,1,0,Australia,1280,normal
2025-11-29 19:14:41.290146,user_031,192.168.9.251,MacOS,1,0,USA,506,normal
2025-12-02 17:54:47.290146,user_007,192.168.0.245,Android,1,0,Australia,669,normal
2025-12-01 03:37:28.290146,user_025,192.168.3.218,iOS,1,0,Australia,962,normal
2025-11-30 08:29:33.290146,user_025,192.168.3.6,MacOS,1,0,USA,80,normal
2025-12-04 06:56:18.290146,user_018,192.168.7.170,Windows,1,0,USA,432,normal
2025-12-05 16:17:48.290146,user_014,192.168.1.97,Linux,1,0,India,1747,normal
2025-12-04 16:54:59.290146,user_006,192.168.9.216,Windows,1,0,USA,1081,normal
2025-12-03 17:59:38.290146,user_013,192.168.4.177,Windows,1,0,Australia,1584,normal
2025-12-05 18:12:26.290146,user_030,192.168.4.100,Windows,1,0,UK,1505,normal
2025-12-06 12:13:29.290146,user_027,192.168.3.77,Android,1,0,UK,1501,normal
2025-11-29 19:28:17.290146,user_036,192.168.0.10,Windows,1,0,Sri Lanka,1758,normal
2025-12-03 13:48:25.290146,user_030,192.168.2.196,MacOS,1,0,Sri Lanka,1731,normal
2025-12-01 14:44:16.290146,user_039,192.168.0.200,iOS,1,0,UK,231,normal
2025-12-05 14:55:23.290146,user_036,192.168.7.80,Android,1,0,India,1152,normal
2025-12-01 01:55:11.290146,user_037,192.168.3.254,iOS,1,0,India,513,normal
2025-12-05 20:59:25.290146,user_030,192.168.9.116,iOS,1,0,Sri Lanka,1530,normal
2025-12-03 02:46:44.290146,user_023,192.168.5.167,MacOS,1,0,Australia,807,normal
2025-12-05 07:35:10.290146,user_017,192.168.5.131,iOS,1,0,Australia,1692,normal
2025-12-05 19:05:22.290146,user_010,192.168.10.59,Android,1,0,UK,996,normal
2025-12-01 05:25:41.290146,user_007,192.168.6.8,Linux,1,0,USA,339,normal
2025-12-04 08:25:15.290146,user_033,192.168.7.234,Windows,1,0,UK,1263,normal
2025-12-04 19:05:22.290146,user_022,192.168.0.220,Windows,1,0,Sri Lanka,1361,normal
2025-11-30 02:12:40.290146,user_016,192.168.5.240,Android,1,0,USA,1288,normal
2025-12-05 12:34:22.290146,user_028,192.168.4.105,Windows,1,0,Australia,1453,normal
2025-12-06 08:15:40.290146,user_009,192.168.10.95,Linux,1,0,Sri Lanka,1758,normal
2025-12-05 22:06:00.290146,user_006,192.168.10.86,Android,1,0,UK,103,normal
2025-12-06 17:56:33.297780,user_002,10.20.173.37,MacOS,1,0,USA,5533,anomalous
2025-12-01 22:07:06.290146,user_018,192.168.10.247,Android,1,0,Sri Lanka,981,normal
2025-12-01 08:59:25.290146,user_015,192.168.8.152,MacOS,1,0,India,1405,normal
2025-12-01 17:07:33.290146,user_040,192.168.1.185,Linux,1,0,UK,1693,normal
2025-12-06 16:30:42.290146,user_013,192.168.8.249,Windows,1,0,Sri Lanka,278,normal
2025-12-04 09:42:17.290146,user_032,192.168.2.109,iOS,1,0,Australia,1270,normal
2025-12-01 18:54:22.290146,user_025,192.168.10.72,Windows,1,0,Sri Lanka,1308,normal
2025-12-03 05:55:06.290146,user_049,192.168.2.131,MacOS,1,0,Australia,393,normal
2025-11-30 04:50:46.290146,user_011,192.168.10.209,Android,1,0,Sri Lanka,1061,normal
2025-12-06 06:57:55.290146,user_016,192.168.0.119,iOS,1,0,Australia,1120,normal
2025-12-03 01:34:12.290146,user_014,192.168.8.30,MacOS,1,0,UK,1202,normal
2025-11-30 11:31:25.290146,user_001,192.168.6.249,MacOS,1,0,USA,1706,normal
2025-12-04 20:22:44.290146,user_049,192.168.2.22,MacOS,1,0,India,1126,normal
2025-12-02 01:33:20.290146,user_047,192.168.8.116,iOS,1,0,India,1651,normal
2025-12-06 18:11:33.297780,user_017,185.199.108.1,MacOS,1,0,Unknown,707,anomalous
2025-12-03 21:54:55.290146,user_036,192.168.7.102,Windows,1,0,Australia,229,normal
2025-12-04 15:48:26.290146,user_026,192.168.4.86,Android,1,0,USA,141,normal
2025-12-04 00:29:38.290146,user_027,192.168.0.207,MacOS,1,0,UK,375,normal
2025-11-29 18:36:18.290146,user_025,192.168.7.231,Linux,1,0,UK,99,normal
2025-12-04 18:50:44.290146,user_002,192.168.8.52,iOS,1,0,Sri Lanka,697,normal
2025-12-05 10:46:51.290146,user_017,192.168.5.188,MacOS,1,0,USA,1561,normal
2025-11-30 17:13:50.290146,user_045,192.168.4.27,iOS,1,0,Sri Lanka,394,normal
2025-12-03 11:32:56.290146,user_023,192.168.4.171,iOS,1,0,Sri Lanka,1231,normal
2025-12-02 09:09:50.290146,user_049,192.168.4.96,Windows,1,0,UK,1131,normal
2025-11-30 01:08:43.290146,user_046,192.168.4.5,Android,1,0,USA,569,normal
2025-12-04 02:06:54.290146,user_042,192.168.9.84,Android,1,0,UK,1629,normal
2025-11-30 05:12:07.290146,user_031,192.168.2.102,Android,1,0,Sri Lanka,1151,normal
2025-12-06 05:05:13.290146,user_043,192.168.3.101,iOS,1,0,Sri Lanka,1217,normal
2025-12-04 14:56:18.290146,user_016,192.168.8.115,Linux,1,0,Australia,888,normal
2025-11-29 22:17:27.290146,user_011,192.168.8.245,Windows,1,0,Australia,1288,normal
2025-12-05 01:38:05.290146,user_025,192.168.1.74,Android,1,0,UK,194,normal
2025-12-04 09:59:49.290146,user_015,192.168.6.28,Windows,1,0,Australia,152,normal
2025-12-03 04:20:52.290146,user_018,192.168.4.211,MacOS,1,0,Australia,410,normal
2025-12-05 01:49:41.290146,user_041,192.168.1.227,MacOS,1,0,Sri Lanka,186,normal
2025-12-04 17:12:59.290146,user_025,192.168.10.75,iOS,1,0,Australia,444,normal
2025-12-06 07:53:01.290146,user_005,192.168.0.130,Android,1,0,UK,1738,normal
2025-12-03 02:30:27.290146,user_047,192.168.0.166,Android,1,0,USA,1621,normal
2025-12-04 21:46:33.290146,user_048,192.168.2.159,Android,1,0,USA,308,normal
2025-12-04 03:19:28.290146,user_047,192.168.7.211,iOS,1,0,UK,1011,normal
2025-12-03 05:57:15.290146,user_029,192.168.8.70,Linux,1,0,Australia,1241,normal
2025-12-05 05:53:58.290146,user_021,192.168.2.73,MacOS,1,0,UK,367,normal
2025-12-05 07:25:09.290146,user_003,192.168.4.238,MacOS,1,0,UK,1463,normal
2025-11-30 19:32:13.290146,user_036,192.168.2.35,Windows,1,0,India,1596,normal
2025-12-05 00:07:58.290146,user_046,192.168.6.11,Windows,1,0,Australia,99,normal
2025-11-30 11:42:50.290146,user_004,192.168.1.21,iOS,1,0,USA,311,normal
2025-12-05 19:29:23.290146,user_017,192.168.10.37,Windows,1,0,India,1433,normal
2025-12-04 19:20:08.290146,user_028,192.168.9.233,iOS,1,0,Australia,259,normal
2025-12-03 03:47:58.290146,user_018,192.168.2.254,Linux,1,0,USA,973,normal
2025-12-03 07:48:15.290146,user_033,192.168.9.110,MacOS,1,0,USA,262,normal
2025-12-06 18:39:33.297780,user_038,203.0.95.158,Android,0,12,Unknown,8,anomalous
2025-11-30 14:29:04.290146,user_035,192.168.7.54,Android,1,0,USA,1766,normal
2025-11-30 08:42:57.290146,user_042,192.168.2.186,MacOS,1,0,Sri Lanka,1153,normal
2025-12-04 15:50:12.290146,user_003,192.168.6.233,Windows,1,0,USA,104,normal
2025-12-05 12:26:24.290146,user_002,192.168.10.231,iOS,1,0,USA,646,normal
2025-11-30 17:06:12.290146,user_017,192.168.6.73,Windows,1,0,Sri Lanka,743,normal
2025-11-30 00:39:17.290146,user_027,192.168.7.16,Linux,1,0,Sri Lanka,1469,normal
2025-12-04 16:32:55.290146,user_041,192.168.7.5,Android,1,0,Australia,1051,normal
2025-12-01 21:38:06.290146,user_011,192.168.2.110,MacOS,1,0,UK,565,normal
2025-12-04 01:19:37.290146,user_050,192.168.8.194,Android,1,0,Australia,1299,normal
2025-12-06 16:53:29.290146,user_009,192.168.4.14,Windows,1,0,Sri Lanka,997,normal
2025-12-03 02:58:55.290146,user_010,192.168.9.211,MacOS,1,0,USA,1136,normal
2025-12-07 01:09:33.297780,user_011,66.102.0.1,MacOS,1,0,Unknown,209,anomalous
2025-11-30 17:35:38.290146,user_041,192.168.4.85,Android,1,0,India,84,normal
2025-11-30 04:24:02.290146,user_022,192.168.10.228,iOS,1,0,USA,1204,normal
2025-12-04 05:43:15.290146,user_050,192.168.9.117,Linux,1,0,India,1478,normal
2025-12-03 12:53:49.290146,user_020,192.168.7.250,MacOS,1,0,India,692,normal
2025-11-29 23:16:33.290146,user_046,192.168.1.76,iOS,1,0,UK,767,normal
2025-11-29 19:42:28.290146,user_050,192.168.1.244,MacOS,1,0,USA,1223,normal
2025-12-04 06:09:02.290146,user_008,192.168.0.227,iOS,1,0,USA,1792,normal
2025-12-03 01:10:51.290146,user_008,192.168.6.34,MacOS,1,0,UK,1517,normal
2025-12-05 12:28:42.290146,user_047,192.168.1.197,Android,1,0,Australia,338,normal
2025-12-01 10:47:29.290146,user_039,192.168.6.175,Windows,1,0,UK,1762,normal
2025-12-03 21:57:44.290146,user_020,192.168.10.81,Windows,1,0,USA,850,normal
2025-11-30 16:04:10.290146,user_032,192.168.2.147,MacOS,1,0,India,249,normal
2025-12-05 01:45:41.290146,user_045,192.168.2.9,Linux,1,0,UK,184,normal
2025-12-05 00:50:33.290146,user_008,192.168.6.152,iOS,1,0,Australia,1034,normal
2025-12-01 20:25:40.290146,user_021,192.168.8.116,Android,1,0,India,418,normal
2025-11-30 21:38:16.290146,user_037,192.168.0.98,Linux,1,0,Australia,227,normal
2025-12-04 16:58:22.290146,user_032,192.168.9.126,Android,1,0,USA,397,normal
2025-12-06 09:21:58.290146,user_011,192.168.7.40,Android,1,0,India,962,normal
2025-11-29 20:17:01.290146,user_042,192.168.6.161,Windows,1,0,Australia,921,normal
2025-12-03 13:49:06.290146,user_036,192.168.8.105,MacOS,1,0,Australia,984,normal
2025-12-05 21:18:19.290146,user_034,192.168.6.93,Linux,1,0,UK,1649,normal
2025-12-02 12:40:13.290146,user_035,192.168.0.36,Android,1,0,Sri Lanka,1111,normal
2025-12-06 16:22:47.290146,user_040,192.168.7.127,MacOS,1,0,India,127,normal
2025-12-02 21:33:01.290146,user_050,192.168.3.76,Windows,1,0,Sri Lanka,1612,normal
2025-12-04 20:45:04.290146,user_021,192.168.7.250,MacOS,1,0,UK,828,normal
2025-12-03 06:59:02.290146,user_026,192.168.3.66,Android,1,0,UK,1197,normal
2025-12-03 19:47:19.290146,user_019,192.168.1.112,MacOS,1,0,Sri Lanka,1014,normal
2025-11-30 00:34:12.290146,user_003,192.168.9.27,Android,1,0,UK,1417,normal
2025-12-02 17:16:03.290146,user_022,192.168.0.175,Linux,1,0,USA,1381,normal
2025-12-05 01:42:10.290146,user_046,192.168.0.159,Windows,1,0,Australia,1594,normal
2025-12-05 12:07:49.290146,user_020,192.168.1.215,MacOS,1,0,USA,923,normal
2025-11-30 08:56:46.290146,user_039,192.168.9.67,Android,1,0,Australia,1732,normal
2025-11-30 20:17:56.290146,user_010,192.168.7.213,MacOS,1,0,Sri Lanka,296,normal
2025-12-03 15:56:27.290146,user_017,192.168.10.128,Windows,1,0,USA,1052,normal
2025-12-02 19:52:41.290146,user_045,192.168.6.250,MacOS,1,0,Sri Lanka,1200,normal
2025-12-01 11:35:51.290146,user_004,192.168.6.246,MacOS,1,0,Australia,939,normal
2025-11-29 23:50:39.290146,user_015,192.168.4.54,Windows,1,0,UK,103,normal
2025-12-05 09:58:13.290146,user_025,192.168.10.18,iOS,1,0,USA,311,normal
2025-12-06 05:59:48.290146,user_040,192.168.10.102,Linux,1,0,USA,157,normal
2025-12-03 04:00:39.290146,user_033,192.168.9.67,MacOS,1,0,Australia,740,normal
2025-12-06 13:42:07.290146,user_022,192.168.6.75,Android,1,0,Sri Lanka,840,normal
2025-12-02 16:43:14.290146,user_004,192.168.1.205,Android,1,0,India,918,normal
2025-12-04 07:53:34.290146,user_037,192.168.9.241,MacOS,1,0,India,708,normal
2025-12-03 12:03:41.290146,user_035,192.168.7.28,Linux,1,0,USA,1084,normal
2025-12-06 10:21:53.290146,user_009,192.168.2.61,MacOS,1,0,UK,103,normal
2025-12-03 10:48:22.290146,user_013,192.168.9.152,Android,1,0,UK,1758,normal
2025-12-03 01:05:29.290146,user_028,192.168.2.54,Linux,1,0,India,375,normal
2025-12-03 15:40:28.290146,user_017,192.168.10.236,iOS,1,0,UK,1648,normal
2025-12-06 18:08:33.297780,user_010,203.0.226.157,MacOS,0,16,Unknown,12,anomalous
2025-12-05 04:08:21.290146,user_027,192.168.6.183,Android,1,0,UK,759,normal
2025-12-05 04:11:19.290146,user_028,192.168.4.164,Windows,1,0,Australia,1384,normal
2025-12-02 18:59:25.290146,user_012,192.168.5.198,Android,1,0,USA,541,normal
2025-12-05 18:12:47.290146,user_017,192.168.1.83,MacOS,1,0,Australia,995,normal
2025-12-05 01:24:18.290146,user_050,192.168.1.183,MacOS,1,0,Australia,1335,normal
2025-12-06 02:14:01.290146,user_016,192.168.4.169,iOS,1,0,Australia,1532,normal
2025-12-01 21:15:37.290146,user_035,192.168.4.54,Windows,1,0,India,250,normal
2025-11-30 11:41:11.290146,user_004,192.168.3.132,MacOS,1,0,Sri Lanka,774,normal
2025-11-30 15:31:53.290146,user_004,192.168.9.56,Windows,1,0,Sri Lanka,230,normal
2025-12-01 16:12:24.290146,user_017,192.168.1.88,Windows,1,0,UK,434,normal
2025-12-01 23:31:22.290146,user_018,192.168.7.34,iOS,1,0,India,812,normal
2025-12-03 04:52:22.290146,user_030,192.168.4.67,Linux,1,0,UK,206,normal
2025-12-04 19:27:30.290146,user_044,192.168.3.74,iOS,1,0,Sri Lanka,603,normal
2025-12-02 10:46:15.290146,user_003,192.168.0.166,iOS,1,0,India,295,normal
2025-12-05 06:37:42.290146,user_017,192.168.2.98,Windows,1,0,Sri Lanka,1655,normal
2025-12-03 04:13:16.290146,user_020,192.168.10.38,Linux,1,0,India,845,normal
2025-12-05 14:48:45.290146,user_047,192.168.10.198,MacOS,1,0,USA,857,normal
2025-12-06 08:08:36.290146,user_005,192.168.3.188,iOS,1,0,India,1326,normal
2025-12-05 18:39:15.290146,user_021,192.168.9.137,iOS,1,0,India,1203,normal
2025-11-30 21:12:46.290146,user_017,192.168.5.203,Linux,1,0,India,1781,normal
2025-12-02 06:52:25.290146,user_012,192.168.4.111,iOS,1,0,USA,901,normal
2025-11-30 16:49:04.290146,user_006,192.168.8.129,Android,1,0,Australia,430,normal
2025-12-03 03:30:41.290146,user_031,192.168.8.127,Linux,1,0,UK,1452,normal
2025-12-06 06:01:56.290146,user_011,192.168.3.101,Android,1,0,Sri Lanka,1214,normal
2025-11-30 00:37:12.290146,user_050,192.168.6.210,Android,1,0,USA,881,normal
2025-12-01 04:56:37.290146,user_049,192.168.5.37,Linux,1,0,Sri Lanka,1329,normal
2025-11-30 05:24:03.290146,user_001,192.168.0.182,MacOS,1,0,India,1156,normal
2025-12-05 18:59:02.290146,user_005,192.168.4.172,MacOS,1,0,India,726,normal
2025-12-05 00:11:01.290146,user_005,192.168.4.165,MacOS,1,0,USA,812,normal
2025-11-30 07:05:00.290146,user_012,192.168.10.253,Linux,1,0,India,632,normal
2025-12-05 10:34:26.290146,user_034,192.168.1.216,Linux,1,0,UK,914,normal
2025-12-05 06:50:28.290146,user_043,192.168.1.137,Linux,1,0,USA,289,normal
2025-12-06 00:48:37.290146,user_007,192.168.2.165,iOS,1,0,Australia,1592,normal
2025-12-01 08:10:28.290146,user_006,192.168.2.249,MacOS,1,0,UK,1047,normal
2025-12-03 01:12:32.290146,user_008,192.168.10.158,Android,1,0,Sri Lanka,1385,normal
2025-12-04 13:47:06.290146,user_017,192.168.3.203,MacOS,1,0,India,1371,normal
2025-12-05 18:50:50.290146,user_044,192.168.10.206,Linux,1,0,Australia,1356,normal
2025-11-29 22:59:44.290146,user_015,192.168.2.207,iOS,1,0,Sri Lanka,600,normal
2025-12-03 17:09:09.290146,user_034,192.168.0.93,Linux,1,0,UK,434,normal
2025-12-06 19:31:33.297780,user_047,10.20.35.138,Android,1,0,USA,8563,anomalous
2025-11-29 22:52:03.290146,user_039,192.168.8.201,Android,1,0,Australia,725,normal
2025-12-06 03:12:10.290146,user_017,192.168.0.177,Android,1,0,UK,1358,normal
2025-12-01 15:31:36.290146,user_019,192.168.5.25,MacOS,1,0,Sri Lanka,795,normal
2025-12-04 20:11:35.290146,user_033,192.168.9.4,Android,1,0,Australia,761,normal
2025-12-04 14:58:41.290146,user_010,192.168.2.232,MacOS,1,0,UK,1735,normal
2025-12-01 01:08:41.290146,user_016,192.168.0.252,MacOS,1,0,UK,1004,normal
2025-12-06 04:18:50.290146,user_020,192.168.0.165,MacOS,1,0,Sri Lanka,587,normal
2025-12-01 00:50:59.290146,user_010,192.168.10.124,Android,1,0,UK,1231,normal
2025-12-05 13:33:50.290146,user_005,192.168.0.59,Linux,1,0,Australia,380,normal
2025-12-06 01:58:37.290146,user_014,192.168.1.64,MacOS,1,0,UK,1438,normal
2025-12-02 11:22:31.290146,user_007,192.168.1.55,MacOS,1,0,Sri Lanka,643,normal
2025-12-02 04:01:03.290146,user_031,192.168.6.107,Windows,1,0,Sri Lanka,891,normal
2025-12-01 04:01:25.290146,user_041,192.168.8.109,Windows,1,0,India,923,normal
2025-12-05 07:28:40.290146,user_005,192.168.4.46,Android,1,0,UK,937,normal
2025-12-03 09:17:37.290146,user_005,192.168.0.98,Android,1,0,India,1298,normal
2025-11-29 23:51:11.290146,user_001,192.168.0.87,Android,1,0,Sri Lanka,1062,normal
2025-12-01 11:53:03.290146,user_026,192.168.8.243,Android,1,0,UK,842,normal
2025-12-04 13:03:50.290146,user_005,192.168.2.42,iOS,1,0,Sri Lanka,809,normal
2025-12-03 02:48:16.290146,user_026,192.168.2.73,Linux,1,0,Australia,1027,normal
2025-12-02 21:18:48.290146,user_046,192.168.10.232,Android,1,0,UK,1271,normal
2025-11-30 07:56:28.290146,user_035,192.168.7.12,iOS,1,0,USA,344,normal
2025-12-01 09:11:14.290146,user_050,192.168.10.163,Linux,1,0,Australia,179,normal
2025-12-03 22:41:07.290146,user_011,192.168.0.103,Android,1,0,UK,108,normal
2025-12-05 05:47:35.290146,user_045,192.168.1.36,Android,1,0,Australia,1328,normal
2025-11-29 19:11:37.290146,user_050,192.168.10.147,iOS,1,0,UK,1107,normal
2025-12-03 02:34:54.290146,user_049,192.168.9.7,Windows,1,0,UK,888,normal
2025-12-02 06:02:48.290146,user_017,192.168.10.91,Android,1,0,Australia,1788,normal
2025-12-03 00:17:10.290146,user_003,192.168.0.51,iOS,1,0,India,1189,normal
2025-11-30 08:57:21.290146,user_021,192.168.8.4,Android,1,0,India,1637,normal
2025-12-02 06:51:12.290146,user_038,192.168.1.97,Windows,1,0,UK,1518,normal
2025-12-05 09:33:36.290146,user_008,192.168.1.215,MacOS,1,0,Sri Lanka,60,normal
2025-12-07 01:34:33.297780,user_047,10.20.97.53,Windows,1,0,USA,8340,anomalous
2025-12-01 17:03:58.290146,user_048,192.168.1.207,Linux,1,0,USA,1607,normal
2025-12-01 07:01:20.290146,user_009,192.168.7.44,MacOS,1,0,India,1112,normal
2025-12-01 12:14:10.290146,user_045,192.168.2.226,iOS,1,0,Australia,1271,normal
2025-12-02 16:08:19.290146,user_029,192.168.1.136,iOS,1,0,Australia,1081,normal
2025-12-05 06:59:57.290146,user_004,192.168.8.163,Linux,1,0,Sri Lanka,239,normal
2025-12-01 15:54:18.290146,user_015,192.168.2.28,MacOS,1,0,Australia,1239,normal
2025-12-05 08:00:35.290146,user_013,192.168.2.26,Windows,1,0,UK,610,normal
2025-12-06 15:14:51.290146,user_007,192.168.7.129,Windows,1,0,Sri Lanka,329,normal
2025-12-06 19:54:33.297780,user_043,122.1.50.93,iOS,1,0,Russia,100,anomalous
2025-12-02 04:50:23.290146,user_050,192.168.3.27,Android,1,0,India,1203,normal
2025-12-03 14:14:29.290146,user_028,192.168.4.62,iOS,1,0,USA,1183,normal
2025-12-03 18:42:07.290146,user_044,192.168.7.107,Linux,1,0,USA,359,normal
2025-12-04 06:35:04.290146,user_015,192.168.4.243,Linux,1,0,UK,1780,normal
2025-11-30 00:36:50.290146,user_002,192.168.2.236,iOS,1,0,Australia,1219,normal
2025-12-03 00:22:27.290146,user_033,192.168.7.173,iOS,1,0,USA,1570,normal
2025-12-04 22:58:23.290146,user_043,192.168.2.58,iOS,1,0,India,1753,normal
2025-12-03 19:21:24.290146,user_014,192.168.9.207,iOS,1,0,USA,805,normal
2025-12-05 02:04:58.290146,user_018,192.168.5.31,iOS,1,0,UK,1440,normal
2025-12-05 23:33:27.290146,user_046,192.168.3.40,Linux,1,0,Sri Lanka,296,normal
2025-12-06 03:46:32.290146,user_004,192.168.4.143,Linux,1,0,UK,994,normal
2025-11-29 18:01:27.290146,user_029,192.168.5.183,Linux,1,0,USA,820,normal
2025-12-01 22:05:49.290146,user_014,192.168.5.116,MacOS,1,0,Australia,1128,normal
2025-12-01 10:03:20.290146,user_024,192.168.0.6,Windows,1,0,Sri Lanka,1035,normal
2025-12-02 19:29:42.290146,user_046,192.168.7.234,iOS,1,0,USA,1695,normal
2025-12-05 23:10:45.290146,user_027,192.168.1.148,Windows,1,0,USA,1757,normal
2025-11-30 12:22:24.290146,user_023,192.168.7.35,iOS,1,0,Sri Lanka,1292,normal
2025-12-05 06:27:32.290146,user_012,192.168.0.173,Windows,1,0,Sri Lanka,652,normal
2025-11-29 22:24:55.290146,user_039,192.168.4.216,MacOS,1,0,USA,1798,normal
2025-11-30 13:28:07.290146,user_002,192.168.2.201,Android,1,0,Australia,921,normal
2025-12-03 04:10:15.290146,user_003,192.168.5.174,Android,1,0,Australia,986,normal
2025-12-06 04:56:14.290146,user_002,192.168.1.82,MacOS,1,0,Sri Lanka,715,normal
2025-12-01 07:46:03.290146,user_022,192.168.2.214,Linux,1,0,Sri Lanka,1028,normal
2025-12-02 19:30:48.290146,user_043,192.168.7.104,iOS,1,0,Sri Lanka,254,normal
2025-12-05 08:26:22.290146,user_019,192.168.10.114,Linux,1,0,UK,294,normal
2025-12-03 10:33:17.290146,user_049,192.168.10.165,iOS,1,0,UK,1099,normal
2025-12-02 10:21:47.290146,user_041,192.168.5.112,Linux,1,0,India,1758,normal
2025-12-02 08:01:38.290146,user_039,192.168.8.7,Android,1,0,Australia,1510,normal
2025-12-04 20:02:30.290146,user_006,192.168.1.3,Linux,1,0,Sri Lanka,1752,normal
2025-12-04 13:41:52.290146,user_038,192.168.5.107,MacOS,1,0,USA,660,normal
2025-12-05 08:24:01.290146,user_044,192.168.10.81,Windows,1,0,USA,353,normal
2025-12-01 19:42:54.290146,user_014,192.168.1.206,Windows,1,0,India,1513,normal
2025-12-03 15:33:24.290146,user_022,192.168.5.68,Android,1,0,USA,189,normal
2025-12-04 00:51:14.290146,user_001,192.168.10.88,iOS,1,0,Sri Lanka,1087,normal
2025-12-05 18:27:01.290146,user_048,192.168.5.80,Linux,1,0,Sri Lanka,1296,normal
2025-11-29 22:44:13.290146,user_040,192.168.3.126,iOS,1,0,UK,342,normal
2025-12-02 23:57:46.290146,user_036,192.168.9.21,MacOS,1,0,Australia,945,normal
2025-12-06 21:56:33.297780,user_007,203.0.195.142,Android,0,17,Unknown,11,anomalous
2025-12-03 14:12:51.290146,user_048,192.168.0.196,Linux,1,0,USA,1785,normal
2025-12-06 15:23:04.290146,user_040,192.168.6.240,MacOS,1,0,Australia,487,normal
2025-12-03 23:48:18.290146,user_030,192.168.0.108,Android,1,0,India,856,normal
2025-12-05 05:25:55.290146,user_025,192.168.6.120,iOS,1,0,Sri Lanka,303,normal
2025-12-02 10:45:14.290146,user_047,192.168.1.168,Windows,1,0,India,1611,normal
2025-12-04 05:11:21.290146,user_041,192.168.4.102,Android,1,0,Australia,823,normal
2025-12-04 02:17:07.290146,user_006,192.168.3.137,Windows,1,0,USA,440,normal
2025-11-29 21:08:32.290146,user_046,192.168.3.241,iOS,1,0,Australia,1531,normal
2025-12-03 13:21:34.290146,user_049,192.168.9.106,Linux,1,0,Sri Lanka,1335,normal
2025-11-30 06:48:27.290146,user_017,192.168.9.231,MacOS,1,0,USA,850,normal
2025-12-02 09:16:40.290146,user_008,192.168.1.160,Windows,1,0,Australia,1395,normal
2025-12-06 12:47:27.290146,user_010,192.168.0.45,iOS,1,0,UK,765,normal
2025-11-29 20:56:58.290146,user_026,192.168.6.175,Windows,1,0,Australia,1581,normal
2025-12-04 21:37:31.290146,user_032,192.168.6.93,Linux,1,0,India,1683,normal
2025-12-04 04:07:29.290146,user_002,192.168.5.147,MacOS,1,0,Sri Lanka,480,normal
2025-12-01 10:46:34.290146,user_028,192.168.7.58,Linux,1,0,UK,1797,normal
2025-12-02 08:46:10.290146,user_013,192.168.0.65,Windows,1,0,India,1429,normal
2025-12-01 18:16:13.290146,user_036,192.168.8.185,Windows,1,0,Australia,1789,normal
2025-11-29 23:54:14.290146,user_021,192.168.4.31,Linux,1,0,Sri Lanka,75,normal
2025-11-30 21:49:16.290146,user_033,192.168.4.138,Linux,1,0,Australia,1059,normal
2025-12-05 00:27:15.290146,user_016,192.168.9.71,iOS,1,0,Sri Lanka,1399,normal
2025-11-30 02:23:41.290146,user_043,192.168.8.62,Android,1,0,USA,912,normal
2025-12-03 11:32:57.290146,user_019,192.168.3.169,MacOS,1,0,India,463,normal
2025-12-06 03:57:55.290146,user_014,192.168.5.129,iOS,1,0,UK,1039,normal
2025-12-03 01:56:16.290146,user_037,192.168.5.167,iOS,1,0,USA,1688,normal
2025-12-04 14:44:33.290146,user_047,192.168.8.80,Linux,1,0,Australia,1132,normal
2025-12-03 14:43:41.290146,user_050,192.168.6.77,Linux,1,0,India,659,normal
2025-12-01 17:55:51.290146,user_004,192.168.4.151,Android,1,0,Sri Lanka,1157,normal
2025-11-30 20:14:35.290146,user_048,192.168.9.92,iOS,1,0,USA,265,normal
2025-11-30 17:03:10.290146,user_033,192.168.8.225,Linux,1,0,Sri Lanka,1434,normal
2025-11-30 05:54:32.290146,user_009,192.168.8.146,Windows,1,0,USA,1428,normal
2025-12-02 15:40:02.290146,user_015,192.168.6.189,iOS,1,0,UK,1110,normal
2025-12-04 01:06:35.290146,user_049,192.168.3.57,Windows,1,0,USA,710,normal
2025-12-01 04:25:59.290146,user_002,192.168.1.130,MacOS,1,0,India,1354,normal
2025-12-02 17:55:09.290146,user_050,192.168.7.97,Windows,1,0,UK,487,normal
2025-12-06 05:06:14.290146,user_016,192.168.4.229,MacOS,1,0,Australia,1763,normal
2025-12-02 08:22:24.290146,user_037,192.168.3.115,MacOS,1,0,Sri Lanka,744,normal
2025-12-03 05:49:50.290146,user_022,192.168.7.128,iOS,1,0,India,468,normal
2025-12-06 23:22:33.297780,user_027,203.0.119.132,Android,0,22,Unknown,9,anomalous
2025-12-04 12:58:20.290146,user_046,192.168.6.233,Windows,1,0,Sri Lanka,1780,normal
2025-12-04 04:39:19.290146,user_019,192.168.7.141,Android,1,0,Sri Lanka,677,normal
2025-12-05 15:47:39.290146,user_030,192.168.3.160,iOS,1,0,Sri Lanka,1763,normal
2025-11-30 18:03:59.290146,user_021,192.168.7.150,Linux,1,0,UK,986,normal
2025-11-30 21:42:49.290146,user_002,192.168.0.225,Windows,1,0,India,596,normal
2025-12-02 12:28:59.290146,user_040,192.168.6.203,MacOS,1,0,Australia,1397,normal
2025-11-30 03:03:16.290146,user_040,192.168.10.34,iOS,1,0,USA,809,normal
2025-11-29 23:51:10.290146,user_022,192.168.9.126,Linux,1,0,India,1747,normal
2025-12-05 16:10:33.290146,user_032,192.168.5.168,MacOS,1,0,Sri Lanka,493,normal
2025-12-01 20:50:37.290146,user_024,192.168.3.78,iOS,1,0,Sri Lanka,1330,normal
2025-12-03 18:31:55.290146,user_018,192.168.3.79,iOS,1,0,UK,365,normal
2025-12-05 02:21:24.290146,user_035,192.168.5.79,Android,1,0,USA,1529,normal
2025-11-29 23:45:46.290146,user_012,192.168.6.25,Linux,1,0,USA,1729,normal
2025-12-01 17:38:30.290146,user_012,192.168.7.197,iOS,1,0,UK,783,normal
2025-12-06 10:36:03.290146,user_003,192.168.5.156,Windows,1,0,USA,1320,normal
2025-12-04 22:04:51.290146,user_002,192.168.3.82,iOS,1,0,UK,764,normal
2025-12-05 06:44:04.290146,user_001,192.168.3.36,Android,1,0,India,152,normal
2025-12-05 03:26:24.290146,user_025,192.168.1.110,Windows,1,0,Sri Lanka,1198,normal
2025-12-02 01:45:07.290146,user_008,192.168.1.24,iOS,1,0,UK,606,normal
2025-11-30 08:07:22.290146,user_003,192.168.6.53,MacOS,1,0,USA,1693,normal
2025-12-05 15:04:18.290146,user_019,192.168.3.172,Windows,1,0,India,1089,normal
2025-12-01 21:21:36.290146,user_020,192.168.0.112,Linux,1,0,India,675,normal
2025-12-04 07:39:28.290146,user_049,192.168.2.3,Linux,1,0,USA,798,normal
2025-12-04 15:55:53.290146,user_044,192.168.8.70,Windows,1,0,USA,709,normal
2025-12-01 12:15:28.290146,user_019,192.168.1.161,Windows,1,0,Sri Lanka,537,normal
2025-12-04 13:13:54.290146,user_016,192.168.6.163,Windows,1,0,Australia,1600,normal
2025-12-05 15:50:08.290146,user_036,192.168.1.164,Windows,1,0,UK,582,normal
2025-11-30 19:20:50.290146,user_014,192.168.9.208,Android,1,0,Sri Lanka,718,normal
2025-12-01 21:08:04.290146,user_016,192.168.4.131,Linux,1,0,UK,1484,normal
2025-11-30 15:37:12.290146,user_015,192.168.9.178,Windows,1,0,UK,1413,normal
2025-11-30 03:31:07.290146,user_018,192.168.1.3,Linux,1,0,Sri Lanka,880,normal
2025-11-30 11:45:18.290146,user_048,192.168.0.137,MacOS,1,0,Sri Lanka,1671,normal
2025-12-02 19:32:15.290146,user_035,192.168.1.208,iOS,1,0,USA,1320,normal
2025-12-06 00:57:08.290146,user_026,192.168.3.219,Windows,1,0,India,927,normal
2025-12-04 19:26:54.290146,user_012,192.168.6.76,Android,1,0,Australia,1372,normal
2025-12-04 16:34:15.290146,user_006,192.168.10.20,Android,1,0,Australia,1727,normal
2025-12-05 05:30:48.290146,user_007,192.168.5.90,Linux,1,0,UK,578,normal
2025-12-02 06:54:55.290146,user_045,192.168.6.45,Windows,1,0,UK,1688,normal
2025-12-05 08:05:42.290146,user_005,192.168.0.74,Windows,1,0,USA,623,normal
2025-12-04 03:01:00.290146,user_038,192.168.0.187,Windows,1,0,UK,1303,normal
2025-12-04 19:15:50.290146,user_018,192.168.1.51,MacOS,1,0,India,1032,normal
2025-12-01 03:21:41.290146,user_020,192.168.3.166,Android,1,0,Australia,945,normal
2025-12-03 20:26:27.290146,user_040,192.168.3.204,MacOS,1,0,Australia,1701,normal
2025-12-01 16:50:36.290146,user_046,192.168.9.82,Android,1,0,Australia,1662,normal
2025-12-03 18:03:41.290146,user_044,192.168.4.55,Linux,1,0,USA,1101,normal
2025-12-04 14:51:14.290146,user_041,192.168.4.1,MacOS,1,0,UK,467,normal
2025-12-04 02:23:55.290146,user_034,192.168.1.28,Android,1,0,Australia,717,normal
2025-12-02 08:32:12.290146,user_028,192.168.7.215,Android,1,0,India,1772,normal
2025-12-02 03:47:14.290146,user_014,192.168.4.201,iOS,1,0,USA,233,normal
2025-12-05 19:03:45.290146,user_013,192.168.0.82,MacOS,1,0,UK,1676,normal
2025-12-02 07:41:30.290146,user_008,192.168.2.97,Linux,1,0,UK,806,normal
2025-12-01 09:31:04.290146,user_033,192.168.9.247,Windows,1,0,Australia,1544,normal
2025-12-06 09:12:55.290146,user_023,192.168.5.233,Windows,1,0,Australia,933,normal
2025-12-04 06:49:33.290146,user_004,192.168.2.6,Windows,1,0,Australia,1376,normal
2025-12-01 11:40:13.290146,user_025,192.168.7.194,Linux,1,0,India,1572,normal
2025-11-30 19:43:37.290146,user_007,192.168.0.127,Linux,1,0,UK,787,normal
2025-12-06 20:34:33.297780,user_016,101.44.1.98,iOS,1,0,Unknown,82,anomalous
2025-12-03 09:45:03.290146,user_007,192.168.7.220,MacOS,1,0,India,1268,normal
2025-12-03 18:40:28.290146,user_048,192.168.6.23,iOS,1,0,Australia,405,normal
2025-12-05 06:48:41.290146,user_009,192.168.8.168,Windows,1,0,USA,841,normal
2025-11-30 06:21:49.290146,user_044,192.168.8.119,Linux,1,0,USA,1493,normal
2025-12-05 06:33:51.290146,user_043,192.168.5.129,Linux,1,0,India,317,normal
2025-12-06 10:07:03.290146,user_029,192.168.10.230,MacOS,1,0,UK,1769,normal
2025-12-04 16:27:13.290146,user_028,192.168.7.221,Linux,1,0,UK,1299,normal
2025-12-04 13:42:44.290146,user_047,192.168.10.83,Android,1,0,India,1160,normal
2025-12-03 05:07:37.290146,user_025,192.168.7.47,Android,1,0,USA,1429,normal
2025-12-05 22:21:58.290146,user_034,192.168.4.192,MacOS,1,0,USA,1775,normal
2025-11-30 22:11:13.290146,user_003,192.168.7.171,Windows,1,0,Sri Lanka,1195,normal
2025-11-29 19:32:14.290146,user_037,192.168.3.128,Windows,1,0,India,1186,normal
2025-12-04 17:59:17.290146,user_030,192.168.0.193,Windows,1,0,USA,1293,normal
2025-12-03 23:16:03.290146,user_043,192.168.6.156,Android,1,0,UK,817,normal
2025-11-30 05:02:18.290146,user_047,192.168.7.5,Linux,1,0,UK,1171,normal
2025-12-06 05:26:36.290146,user_046,192.168.10.3,Android,1,0,UK,1766,normal
2025-11-30 00:22:54.290146,user_023,192.168.4.254,iOS,1,0,USA,1404,normal
2025-11-29 20:59:40.290146,user_008,192.168.7.19,Linux,1,0,USA,1787,normal
2025-11-30 18:23:04.290146,user_047,192.168.4.14,Windows,1,0,USA,1516,normal
2025-12-05 07:46:03.290146,user_016,192.168.9.215,Android,1,0,USA,134,normal
2025-11-30 01:54:15.290146,user_013,192.168.3.153,MacOS,1,0,UK,630,normal
2025-12-03 10:57:57.290146,user_037,192.168.7.146,iOS,1,0,UK,1310,normal
2025-11-30 03:52:20.290146,user_049,192.168.8.207,iOS,1,0,UK,1747,normal
2025-12-06 12:45:30.290146,user_020,192.168.1.92,iOS,1,0,UK,1507,normal
2025-12-06 22:47:33.297780,user_037,122.1.86.120,Windows,1,0,Russia,75,anomalous
2025-12-04 01:07:52.290146,user_041,192.168.1.104,Linux,1,0,Sri Lanka,440,normal
2025-12-05 15:36:08.290146,user_019,192.168.0.82,Linux,1,0,India,1075,normal
2025-12-06 06:34:22.290146,user_026,192.168.10.2,Windows,1,0,India,1723,normal
2025-12-03 23:48:28.290146,user_014,192.168.10.11,Android,1,0,Australia,577,normal
2025-11-30 20:30:14.290146,user_009,192.168.8.6,Android,1,0,USA,1543,normal
2025-11-29 20:48:21.290146,user_034,192.168.6.115,Windows,1,0,Australia,185,normal
2025-12-01 12:17:23.290146,user_004,192.168.8.10,Linux,1,0,UK,248,normal
2025-11-30 05:35:39.290146,user_036,192.168.8.14,MacOS,1,0,India,1186,normal
2025-12-06 17:39:33.297780,user_024,10.20.81.128,iOS,1,0,USA,9212,anomalous
2025-12-03 04:10:56.290146,user_041,192.168.2.119,iOS,1,0,Sri Lanka,203,normal
2025-12-05 12:23:47.290146,user_014,192.168.8.144,Windows,1,0,Sri Lanka,1469,normal
2025-12-03 09:37:27.290146,user_048,192.168.0.51,Android,1,0,UK,882,normal
2025-12-05 12:58:04.290146,user_046,192.168.0.227,Windows,1,0,India,1323,normal
2025-12-07 00:23:33.297780,user_050,203.0.180.43,Android,0,20,Unknown,15,anomalous
2025-12-01 02:57:22.290146,user_005,192.168.8.102,Windows,1,0,UK,975,normal
2025-12-06 11:50:17.290146,user_022,192.168.3.231,Android,1,0,Australia,770,normal
2025-12-03 04:30:46.290146,user_009,192.168.3.93,Windows,1,0,USA,881,normal
2025-12-03 19:25:14.290146,user_030,192.168.1.248,iOS,1,0,UK,1329,normal
2025-12-05 04:16:46.290146,user_030,192.168.4.139,iOS,1,0,USA,1728,normal
2025-12-05 16:08:11.290146,user_025,192.168.0.81,Android,1,0,Australia,862,normal
2025-12-05 00:42:03.290146,user_001,192.168.7.57,Android,1,0,Sri Lanka,1524,normal
2025-12-02 12:44:53.290146,user_009,192.168.9.57,Windows,1,0,India,1182,normal
2025-11-29 19:58:26.290146,user_015,192.168.10.174,MacOS,1,0,UK,878,normal
2025-12-04 01:13:50.290146,user_029,192.168.10.253,Windows,1,0,Australia,1193,normal
2025-12-06 11:25:42.290146,user_012,192.168.6.89,Linux,1,0,India,1192,normal
2025-12-01 06:43:57.290146,user_013,192.168.10.72,iOS,1,0,Sri Lanka,861,normal
2025-12-02 02:01:06.290146,user_017,192.168.6.252,MacOS,1,0,Australia,1434,normal
2025-12-01 05:39:24.290146,user_041,192.168.3.1,Linux,1,0,UK,1664,normal
2025-12-01 06:28:21.290146,user_018,192.168.1.235,MacOS,1,0,Sri Lanka,655,normal
2025-12-02 05:19:59.290146,user_040,192.168.10.198,iOS,1,0,UK,1722,normal
2025-12-06 04:45:49.290146,user_002,192.168.0.163,Windows,1,0,Sri Lanka,1616,normal
2025-12-02 15:43:44.290146,user_006,192.168.1.132,iOS,1,0,Australia,101,normal
2025-12-06 05:44:20.290146,user_013,192.168.7.13,MacOS,1,0,USA,915,normal
2025-12-03 21:21:13.290146,user_023,192.168.9.145,MacOS,1,0,USA,674,normal
2025-12-02 12:28:25.290146,user_045,192.168.5.50,MacOS,1,0,Sri Lanka,105,normal
2025-12-06 08:20:14.290146,user_047,192.168.1.175,MacOS,1,0,Australia,1650,normal
2025-12-05 08:08:27.290146,user_035,192.168.9.75,iOS,1,0,UK,92,normal
2025-12-02 02:11:22.290146,user_038,192.168.6.44,Windows,1,0,Australia,1264,normal
2025-12-06 22:46:33.297780,user_015,122.1.254.16,Windows,1,0,Russia,80,anomalous
2025-11-30 13:22:03.290146,user_006,192.168.4.211,Linux,1,0,USA,1689,normal
2025-12-03 08:22:09.290146,user_009,192.168.0.171,Android,1,0,UK,1487,normal
2025-12-05 08:55:08.290146,user_049,192.168.1.136,Windows,1,0,USA,937,normal
2025-11-30 21:24:02.290146,user_002,192.168.5.25,MacOS,1,0,USA,924,normal
2025-12-02 16:05:26.290146,user_035,192.168.4.157,Linux,1,0,USA,459,normal
2025-12-06 21:10:33.297780,user_050,203.0.175.36,Windows,0,16,Unknown,10,anomalous
2025-12-06 19:10:33.297780,user_021,185.199.108.1,Windows,1,0,Unknown,132,anomalous
2025-12-01 22:38:58.290146,user_014,192.168.6.15,iOS,1,0,UK,803,normal
2025-11-30 18:54:54.290146,user_012,192.168.7.48,Android,1,0,Australia,455,normal
2025-11-30 00:59:33.290146,user_018,192.168.7.207,Windows,1,0,USA,523,normal
2025-12-01 18:45:08.290146,user_015,192.168.7.168,Windows,1,0,Australia,798,normal
2025-12-01 02:43:28.290146,user_026,192.168.3.34,Windows,1,0,Sri Lanka,232,normal
2025-12-04 02:51:49.290146,user_033,192.168.3.10,iOS,1,0,Australia,775,normal
2025-12-04 02:58:17.290146,user_010,192.168.4.207,Android,1,0,UK,316,normal
2025-11-30 17:15:23.290146,user_002,192.168.4.212,iOS,1,0,UK,602,normal
2025-12-04 17:07:37.290146,user_029,192.168.4.161,iOS,1,0,Sri Lanka,1320,normal
2025-12-06 21:14:33.297780,user_010,203.0.113.147,Windows,0,18,Unknown,17,anomalous
2025-12-05 03:08:51.290146,user_038,192.168.8.87,Linux,1,0,Sri Lanka,1348,normal
2025-11-30 20:15:38.290146,user_023,192.168.2.65,iOS,1,0,Sri Lanka,428,normal
2025-12-03 11:12:09.290146,user_004,192.168.0.155,Windows,1,0,UK,1126,normal
2025-12-05 01:59:24.290146,user_050,192.168.1.12,Windows,1,0,UK,924,normal
2025-12-06 22:52:33.297780,user_035,122.1.93.34,iOS,1,0,Russia,144,anomalous
2025-11-30 05:30:58.290146,user_032,192.168.1.179,Android,1,0,Australia,866,normal
2025-11-30 03:21:57.290146,user_031,192.168.2.209,MacOS,1,0,Australia,749,normal
2025-12-03 16:25:49.290146,user_040,192.168.1.131,Android,1,0,USA,112,normal
2025-12-02 13:40:59.290146,user_036,192.168.1.152,Windows,1,0,India,1449,normal
2025-12-04 16:37:08.290146,user_014,192.168.0.228,Windows,1,0,Sri Lanka,740,normal
2025-12-04 16:31:15.290146,user_030,192.168.7.86,MacOS,1,0,Sri Lanka,566,normal
2025-12-01 18:02:13.290146,user_005,192.168.6.166,iOS,1,0,Australia,1347,normal
2025-12-02 09:45:52.290146,user_016,192.168.1.5,Android,1,0,Sri Lanka,884,normal
2025-12-06 13:46:32.290146,user_047,192.168.2.220,MacOS,1,0,USA,1449,normal
2025-11-30 00:45:12.290146,user_031,192.168.3.233,iOS,1,0,UK,915,normal
2025-12-06 20:28:33.297780,user_047,185.199.108.1,MacOS,1,0,Unknown,330,anomalous
2025-12-02 16:02:24.290146,user_041,192.168.1.11,Windows,1,0,USA,1449,normal
2025-12-03 15:08:58.290146,user_030,192.168.0.175,Android,1,0,USA,938,normal
2025-12-04 04:38:12.290146,user_026,192.168.10.136,iOS,1,0,USA,909,normal
2025-12-06 00:10:14.290146,user_038,192.168.5.176,Linux,1,0,UK,924,normal
2025-12-04 17:16:29.290146,user_006,192.168.7.22,Linux,1,0,India,1688,normal
2025-12-01 01:54:59.290146,user_029,192.168.10.190,Windows,1,0,India,1581,normal
2025-12-06 08:01:26.290146,user_021,192.168.5.239,Windows,1,0,Australia,462,normal
2025-12-01 14:45:33.290146,user_043,192.168.0.180,Android,1,0,USA,139,normal
2025-11-30 17:39:47.290146,user_006,192.168.10.48,Windows,1,0,Sri Lanka,1622,normal
2025-12-02 04:46:21.290146,user_009,192.168.5.11,iOS,1,0,India,565,normal
2025-11-30 15:56:35.290146,user_046,192.168.3.51,MacOS,1,0,India,1460,normal
2025-12-01 00:12:41.290146,user_012,192.168.8.131,MacOS,1,0,UK,426,normal
2025-12-02 21:59:35.290146,user_016,192.168.0.162,iOS,1,0,UK,975,normal
2025-12-04 07:41:35.290146,user_040,192.168.6.118,Windows,1,0,USA,981,normal
2025-12-02 12:35:31.290146,user_023,192.168.9.61,iOS,1,0,USA,624,normal
2025-12-06 13:01:33.290146,user_030,192.168.0.42,Android,1,0,Australia,1774,normal
2025-12-01 08:35:29.290146,user_002,192.168.3.95,MacOS,1,0,UK,677,normal
2025-12-05 21:06:30.290146,user_041,192.168.10.165,iOS,1,0,UK,487,normal
2025-12-02 05:58:05.290146,user_034,192.168.4.194,Android,1,0,UK,507,normal
2025-12-05 14:39:57.290146,user_013,192.168.2.222,Android,1,0,USA,1428,normal
2025-11-30 18:36:53.290146,user_038,192.168.0.97,Windows,1,0,USA,1669,normal
2025-12-01 15:21:34.290146,user_040,192.168.5.228,MacOS,1,0,USA,1050,normal
2025-11-29 19:25:53.290146,user_044,192.168.2.2,MacOS,1,0,Sri Lanka,314,normal
2025-12-05 13:47:21.290146,user_010,192.168.3.177,iOS,1,0,USA,1468,normal
2025-12-03 20:21:39.290146,user_008,192.168.10.99,Linux,1,0,Sri Lanka,1393,normal
2025-12-07 01:01:33.297780,user_026,101.44.1.98,Windows,1,0,Unknown,452,anomalous
2025-12-05 07:47:07.290146,user_029,192.168.7.57,iOS,1,0,Australia,1233,normal
2025-12-01 12:59:58.290146,user_043,192.168.2.185,MacOS,1,0,USA,79,normal
2025-11-30 19:43:08.290146,user_027,192.168.0.18,Android,1,0,India,1385,normal
2025-12-02 07:25:32.290146,user_016,192.168.3.134,Windows,1,0,Australia,1365,normal
2025-12-05 02:41:22.290146,user_020,192.168.4.138,Android,1,0,Australia,1397,normal
2025-12-04 22:11:24.290146,user_044,192.168.4.194,Linux,1,0,UK,1218,normal
2025-12-05 14:11:18.290146,user_026,192.168.8.21,iOS,1,0,India,1715,normal
2025-12-02 20:41:11.290146,user_011,192.168.10.171,Android,1,0,India,236,normal
2025-12-02 05:54:15.290146,user_018,192.168.8.105,MacOS,1,0,Australia,1589,normal
2025-12-05 16:03:39.290146,user_024,192.168.10.110,iOS,1,0,Australia,445,normal
2025-12-01 00:16:13.290146,user_017,192.168.5.126,iOS,1,0,USA,912,normal
2025-12-01 10:43:07.290146,user_002,192.168.10.77,iOS,1,0,India,1599,normal
2025-12-01 06:24:49.290146,user_011,192.168.4.250,iOS,1,0,USA,283,normal
2025-12-01 14:11:45.290146,user_007,192.168.0.23,MacOS,1,0,UK,747,normal
2025-12-03 06:00:54.290146,user_027,192.168.3.49,Windows,1,0,Australia,1771,normal
2025-12-04 07:02:20.290146,user_016,192.168.7.149,iOS,1,0,UK,1041,normal
2025-12-03 12:52:53.290146,user_031,192.168.2.15,MacOS,1,0,Australia,889,normal
2025-12-01 09:37:26.290146,user_010,192.168.8.53,Linux,1,0,USA,384,normal
2025-12-03 09:19:00.290146,user_001,192.168.2.115,Linux,1,0,Australia,143,normal
2025-12-06 22:19:33.297780,user_047,203.0.244.238,Android,0,23,Unknown,5,anomalous
2025-12-05 09:07:14.290146,user_040,192.168.7.190,Linux,1,0,USA,1065,normal
2025-12-04 06:20:02.290146,user_034,192.168.5.231,MacOS,1,0,India,920,normal
2025-12-04 08:47:54.290146,user_049,192.168.5.146,iOS,1,0,Australia,1504,normal
2025-12-06 23:28:33.297780,user_040,10.20.114.223,Android,1,0,USA,8612,anomalous
2025-12-01 00:19:05.290146,user_040,192.168.0.156,Windows,1,0,Australia,1111,normal
2025-11-29 21:33:35.290146,user_044,192.168.5.128,Android,1,0,USA,1407,normal
2025-12-01 03:59:57.290146,user_024,192.168.1.91,MacOS,1,0,India,201,normal
2025-12-03 23:19:21.290146,user_050,192.168.10.37,iOS,1,0,USA,1249,normal
2025-11-29 22:32:42.290146,user_039,192.168.2.174,Android,1,0,Australia,84,normal
2025-12-06 18:08:33.297780,user_020,185.199.108.1,Android,1,0,Unknown,607,anomalous
2025-12-03 04:08:11.290146,user_044,192.168.5.80,Linux,1,0,Sri Lanka,716,normal
2025-12-03 18:02:40.290146,user_015,192.168.10.154,Android,1,0,USA,883,normal
2025-12-03 08:31:36.290146,user_045,192.168.7.112,Linux,1,0,USA,491,normal
2025-12-05 02:14:18.290146,user_034,192.168.2.229,MacOS,1,0,USA,504,normal
2025-12-06 19:10:33.297780,user_013,203.0.93.18,Linux,0,11,Unknown,12,anomalous
2025-12-05 23:06:26.290146,user_031,192.168.6.56,Android,1,0,UK,606,normal
2025-12-02 19:55:19.290146,user_009,192.168.7.87,Linux,1,0,USA,707,normal
2025-12-01 02:58:34.290146,user_007,192.168.9.104,Android,1,0,Australia,1681,normal
2025-12-02 03:30:20.290146,user_004,192.168.3.190,Windows,1,0,India,190,normal
2025-11-30 16:50:52.290146,user_034,192.168.6.43,Windows,1,0,Sri Lanka,237,normal
2025-12-01 06:41:40.290146,user_038,192.168.6.47,Android,1,0,India,1079,normal
2025-12-05 19:39:36.290146,user_036,192.168.4.244,Android,1,0,Sri Lanka,851,normal
2025-12-05 04:35:03.290146,user_011,192.168.8.42,iOS,1,0,UK,1147,normal
2025-12-03 03:50:55.290146,user_005,192.168.6.235,MacOS,1,0,UK,732,normal
2025-12-02 09:41:59.290146,user_021,192.168.8.24,MacOS,1,0,Australia,1197,normal
2025-12-03 07:30:53.290146,user_025,192.168.1.201,Windows,1,0,Australia,1547,normal
2025-12-03 06:17:15.290146,user_039,192.168.7.223,iOS,1,0,Australia,434,normal
2025-12-05 17:37:50.290146,user_008,192.168.7.33,iOS,1,0,USA,568,normal
2025-12-04 16:02:41.290146,user_014,192.168.1.200,Linux,1,0,India,698,normal
2025-12-03 21:48:52.290146,user_030,192.168.8.189,iOS,1,0,USA,724,normal
2025-12-03 08:42:43.290146,user_004,192.168.0.181,iOS,1,0,India,228,normal
2025-12-05 19:56:51.290146,user_002,192.168.5.209,Linux,1,0,India,142,normal
2025-12-03 15:15:06.290146,user_035,192.168.5.193,iOS,1,0,India,1141,normal
2025-12-02 19:07:00.290146,user_005,192.168.6.42,Linux,1,0,Australia,1591,normal
2025-11-30 02:50:47.290146,user_021,192.168.9.194,Linux,1,0,India,1232,normal
2025-12-04 00:47:47.290146,user_009,192.168.6.204,Linux,1,0,USA,1725,normal
2025-11-29 20:43:42.290146,user_043,192.168.6.219,Android,1,0,India,83,normal
2025-12-01 01:22:26.290146,user_049,192.168.6.154,Linux,1,0,India,1348,normal
2025-12-03 13:30:10.290146,user_007,192.168.2.187,MacOS,1,0,USA,1055,normal
2025-12-02 12:50:03.290146,user_001,192.168.4.126,Windows,1,0,UK,360,normal
2025-12-06 22:04:33.297780,user_022,203.0.12.181,iOS,0,19,Unknown,16,anomalous
2025-12-06 21:24:33.297780,user_028,185.199.108.1,Windows,1,0,Unknown,689,anomalous
2025-12-02 04:54:04.290146,user_045,192.168.5.156,Windows,1,0,Australia,67,normal
2025-12-03 12:04:35.290146,user_007,192.168.4.138,Windows,1,0,UK,863,normal
2025-12-02 22:48:28.290146,user_031,192.168.3.46,Android,1,0,India,1288,normal
2025-12-05 20:00:49.290146,user_015,192.168.7.63,Linux,1,0,Australia,325,normal
2025-12-02 16:47:13.290146,user_022,192.168.3.177,MacOS,1,0,UK,1020,normal
2025-12-02 11:02:21.290146,user_034,192.168.1.73,MacOS,1,0,Australia,803,normal
2025-12-01 16:48:36.290146,user_009,192.168.4.63,Android,1,0,Australia,146,normal
2025-12-03 13:10:21.290146,user_045,192.168.1.107,Android,1,0,Sri Lanka,1780,normal
2025-12-03 14:20:53.290146,user_022,192.168.4.28,iOS,1,0,UK,824,normal
2025-12-05 03:19:36.290146,user_008,192.168.9.10,Linux,1,0,Sri Lanka,508,normal
2025-11-30 08:08:48.290146,user_045,192.168.10.205,Android,1,0,Australia,1676,normal
2025-11-29 19:48:48.290146,user_015,192.168.9.181,Android,1,0,USA,475,normal
2025-12-04 08:23:33.290146,user_017,192.168.9.22,MacOS,1,0,UK,851,normal
2025-12-04 08:00:44.290146,user_037,192.168.1.221,iOS,1,0,Sri Lanka,1092,normal
2025-12-05 10:12:44.290146,user_016,192.168.5.136,Android,1,0,Australia,1761,normal
2025-12-06 13:17:42.290146,user_018,192.168.1.219,iOS,1,0,India,231,normal
2025-12-04 20:25:56.290146,user_042,192.168.5.18,Windows,1,0,UK,1083,normal
2025-12-06 01:05:12.290146,user_020,192.168.1.203,Windows,1,0,UK,727,normal
2025-12-02 00:25:02.290146,user_025,192.168.8.51,Android,1,0,India,946,normal
2025-12-03 14:40:07.290146,user_023,192.168.4.223,Android,1,0,Australia,1409,normal
2025-12-02 23:58:10.290146,user_024,192.168.7.124,iOS,1,0,Australia,1589,normal
2025-12-05 02:14:20.290146,user_027,192.168.9.238,iOS,1,0,USA,1267,normal
2025-11-30 03:02:15.290146,user_032,192.168.9.44,Linux,1,0,India,1638,normal
2025-12-02 22:20:41.290146,user_007,192.168.10.104,Windows,1,0,India,93,normal
2025-12-01 12:10:58.290146,user_011,192.168.3.133,Linux,1,0,Sri Lanka,1795,normal
2025-11-30 11:07:18.290146,user_010,192.168.9.51,Linux,1,0,India,993,normal
2025-12-04 19:15:32.290146,user_033,192.168.4.252,Linux,1,0,Australia,1484,normal
2025-12-04 05:43:09.290146,user_011,192.168.6.167,Windows,1,0,USA,672,normal
2025-12-01 05:42:18.290146,user_041,192.168.6.204,MacOS,1,0,USA,775,normal
2025-12-05 18:58:28.290146,user_004,192.168.8.83,Android,1,0,Sri Lanka,253,normal
2025-12-05 15:20:37.290146,user_031,192.168.10.7,iOS,1,0,Sri Lanka,1436,normal
2025-12-02 19:12:24.290146,user_009,192.168.4.123,Windows,1,0,UK,756,normal
2025-12-01 08:29:52.290146,user_008,192.168.6.227,MacOS,1,0,Sri Lanka,1627,normal
2025-12-05 07:28:17.290146,user_028,192.168.1.236,MacOS,1,0,India,1559,normal
2025-12-06 18:14:33.297780,user_035,203.0.43.47,Linux,0,14,Unknown,13,anomalous
2025-12-04 05:35:57.290146,user_044,192.168.9.13,Android,1,0,Australia,252,normal
2025-12-05 05:46:54.290146,user_035,192.168.9.159,MacOS,1,0,India,533,normal
2025-12-03 14:17:02.290146,user_028,192.168.9.98,Android,1,0,Australia,1197,normal
2025-12-06 23:15:33.297780,user_011,101.44.1.98,MacOS,1,0,Unknown,105,anomalous
2025-11-29 18:47:49.290146,user_026,192.168.0.17,MacOS,1,0,Sri Lanka,407,normal
2025-12-04 22:14:41.290146,user_032,192.168.1.81,iOS,1,0,UK,1518,normal
2025-12-03 18:40:18.290146,user_030,192.168.8.97,Linux,1,0,Australia,254,normal
2025-12-06 05:25:49.290146,user_031,192.168.5.96,Windows,1,0,Australia,114,normal
2025-12-02 23:55:44.290146,user_002,192.168.9.15,Android,1,0,India,1636,normal
2025-12-04 18:49:31.290146,user_043,192.168.1.225,Windows,1,0,UK,1299,normal
2025-12-04 18:27:04.290146,user_020,192.168.5.176,Windows,1,0,Australia,958,normal
2025-12-01 09:49:49.290146,user_041,192.168.10.66,MacOS,1,0,Sri Lanka,171,normal
2025-12-04 02:59:12.290146,user_013,192.168.10.162,iOS,1,0,UK,379,normal
2025-12-01 20:21:45.290146,user_025,192.168.4.109,Android,1,0,USA,829,normal
2025-12-01 14:29:50.290146,user_001,192.168.0.45,Android,1,0,UK,1674,normal
2025-12-03 15:19:53.290146,user_048,192.168.6.5,Android,1,0,India,1769,normal
2025-12-02 23:29:58.290146,user_046,192.168.8.57,MacOS,1,0,Australia,1531,normal
2025-12-01 09:18:11.290146,user_012,192.168.8.225,Linux,1,0,USA,1310,normal
2025-12-06 08:41:00.290146,user_024,192.168.1.150,MacOS,1,0,Australia,1620,normal
2025-12-06 15:52:57.290146,user_022,192.168.5.213,Windows,1,0,Sri Lanka,1189,normal
2025-11-29 19:01:29.290146,user_004,192.168.2.117,Windows,1,0,Australia,1310,normal
2025-12-05 21:37:22.290146,user_001,192.168.9.41,Windows,1,0,UK,777,normal
2025-11-30 17:50:45.290146,user_044,192.168.3.169,Linux,1,0,UK,141,normal
2025-12-01 12:28:26.290146,user_017,192.168.0.78,Linux,1,0,Sri Lanka,440,normal
2025-12-04 14:57:23.290146,user_010,192.168.2.25,Linux,1,0,Sri Lanka,553,normal
2025-12-02 17:48:06.290146,user_019,192.168.3.93,Linux,1,0,UK,866,normal
2025-12-02 19:14:37.290146,user_032,192.168.8.17,MacOS,1,0,UK,966,normal
2025-12-02 03:13:58.290146,user_029,192.168.10.28,Windows,1,0,Sri Lanka,1293,normal
2025-12-05 16:13:13.290146,user_001,192.168.3.224,MacOS,1,0,India,1390,normal
2025-12-03 10:42:28.290146,user_009,192.168.5.38,Windows,1,0,Australia,878,normal
2025-12-02 21:38:54.290146,user_037,192.168.1.115,Linux,1,0,UK,1091,normal
2025-12-06 11:21:44.290146,user_029,192.168.8.62,Windows,1,0,USA,1507,normal
2025-11-30 10:00:56.290146,user_019,192.168.5.75,iOS,1,0,Australia,1323,normal
2025-11-29 18:57:31.290146,user_041,192.168.8.128,Linux,1,0,Australia,1087,normal
2025-11-29 23:08:05.290146,user_027,192.168.1.216,Linux,1,0,USA,169,normal
2025-12-02 08:48:34.290146,user_012,192.168.2.109,Linux,1,0,UK,1121,normal
2025-12-04 00:00:44.290146,user_021,192.168.9.243,Linux,1,0,India,1045,normal
2025-11-30 09:35:43.290146,user_029,192.168.10.14,Android,1,0,Sri Lanka,1668,normal
2025-12-03 02:10:23.290146,user_035,192.168.3.224,iOS,1,0,USA,701,normal
2025-12-06 10:22:09.290146,user_037,192.168.10.158,Linux,1,0,India,1229,normal
2025-11-30 18:51:41.290146,user_049,192.168.10.255,MacOS,1,0,Australia,331,normal
2025-12-02 05:58:26.290146,user_041,192.168.4.54,MacOS,1,0,Sri Lanka,1232,normal
2025-11-30 12:50:52.290146,user_014,192.168.3.191,iOS,1,0,Sri Lanka,1032,normal
2025-12-02 02:55:05.290146,user_008,192.168.6.195,Windows,1,0,Sri Lanka,306,normal
2025-12-03 15:28:31.290146,user_042,192.168.1.164,Android,1,0,Sri Lanka,513,normal
2025-12-01 02:29:07.290146,user_021,192.168.8.16,Android,1,0,UK,967,normal
2025-12-01 03:42:01.290146,user_015,192.168.10.80,Windows,1,0,Sri Lanka,132,normal
2025-12-02 11:08:27.290146,user_046,192.168.3.191,Linux,1,0,USA,1520,normal
2025-12-01 13:34:38.290146,user_036,192.168.8.68,Linux,1,0,India,333,normal
2025-12-06 02:27:07.290146,user_018,192.168.10.60,Linux,1,0,UK,135,normal
2025-12-02 05:00:31.290146,user_038,192.168.5.250,Android,1,0,UK,443,normal
2025-11-30 05:48:35.290146,user_004,192.168.5.166,iOS,1,0,UK,718,normal
2025-12-01 22:12:31.290146,user_028,192.168.1.224,Android,1,0,USA,1606,normal
2025-12-05 09:31:59.290146,user_010,192.168.6.219,Android,1,0,Australia,1299,normal
2025-12-05 12:42:02.290146,user_035,192.168.10.120,Windows,1,0,Australia,1020,normal
2025-11-30 03:45:15.290146,user_030,192.168.10.2,Android,1,0,Australia,920,normal
2025-12-04 21:56:42.290146,user_019,192.168.1.200,MacOS,1,0,Australia,719,normal
2025-12-07 00:03:33.297780,user_035,122.1.228.199,MacOS,1,0,Russia,144,anomalous
2025-11-30 23:41:30.290146,user_037,192.168.2.8,Linux,1,0,India,131,normal
2025-11-30 04:37:26.290146,user_019,192.168.3.189,iOS,1,0,USA,205,normal
2025-12-05 08:29:13.290146,user_043,192.168.7.228,MacOS,1,0,UK,563,normal
2025-12-05 17:04:30.290146,user_026,192.168.5.253,Windows,1,0,Sri Lanka,1540,normal
2025-12-02 15:52:19.290146,user_021,192.168.9.172,Android,1,0,Australia,1315,normal
2025-12-04 00:13:03.290146,user_008,192.168.5.37,MacOS,1,0,India,983,normal
2025-12-05 12:32:34.290146,user_011,192.168.10.32,Linux,1,0,Sri Lanka,1631,normal
2025-12-05 00:52:00.290146,user_017,192.168.10.170,MacOS,1,0,Sri Lanka,1573,normal
2025-12-06 16:55:49.290146,user_019,192.168.3.101,Windows,1,0,Australia,94,normal
2025-12-02 06:53:21.290146,user_013,192.168.5.106,Android,1,0,USA,1447,normal
2025-12-01 06:11:57.290146,user_047,192.168.4.156,Linux,1,0,Sri Lanka,488,normal
2025-12-06 16:52:09.290146,user_026,192.168.7.10,iOS,1,0,UK,1030,normal
2025-12-01 19:26:49.290146,user_046,192.168.7.29,iOS,1,0,India,784,normal
2025-12-01 02:10:12.290146,user_048,192.168.0.145,Windows,1,0,Sri Lanka,959,normal
2025-12-01 02:55:12.290146,user_049,192.168.7.3,iOS,1,0,India,469,normal
2025-11-30 09:52:53.290146,user_050,192.168.9.172,Windows,1,0,Sri Lanka,1169,normal
2025-12-05 11:30:57.290146,user_020,192.168.6.92,iOS,1,0,UK,1752,normal
2025-12-04 13:30:47.290146,user_008,192.168.1.161,Android,1,0,Sri Lanka,286,normal
2025-12-06 02:04:59.290146,user_021,192.168.6.91,MacOS,1,0,Australia,115,normal
2025-12-06 00:01:53.290146,user_048,192.168.1.152,Windows,1,0,USA,652,normal
2025-11-29 20:36:51.290146,user_028,192.168.6.35,Android,1,0,UK,1159,normal
2025-11-29 23:12:51.290146,user_039,192.168.5.215,Android,1,0,Australia,1538,normal
2025-12-02 14:49:58.290146,user_020,192.168.1.201,Linux,1,0,Australia,262,normal
2025-12-04 12:54:26.290146,user_049,192.168.1.245,MacOS,1,0,Sri Lanka,981,normal
2025-12-06 14:43:45.290146,user_029,192.168.3.165,iOS,1,0,UK,736,normal
2025-12-04 05:15:28.290146,user_020,192.168.8.115,Windows,1,0,Australia,982,normal
2025-12-06 04:11:50.290146,user_012,192.168.1.251,iOS,1,0,UK,1244,normal
2025-12-05 06:18:29.290146,user_033,192.168.3.192,iOS,1,0,India,1243,normal
2025-12-05 18:01:13.290146,user_011,192.168.0.31,MacOS,1,0,UK,277,normal
2025-11-30 00:43:27.290146,user_012,192.168.5.224,Windows,1,0,India,823,normal
2025-12-01 08:53:10.290146,user_046,192.168.9.77,MacOS,1,0,USA,1783,normal
2025-12-05 11:07:06.290146,user_016,192.168.7.185,MacOS,1,0,Sri Lanka,469,normal
2025-11-29 19:57:03.290146,user_044,192.168.9.113,Android,1,0,Sri Lanka,1643,normal
2025-12-03 05:04:17.290146,user_046,192.168.5.19,Windows,1,0,UK,1703,normal
2025-12-04 05:20:07.290146,user_012,192.168.1.250,Android,1,0,Sri Lanka,544,normal
2025-12-04 15:39:04.290146,user_019,192.168.4.22,Linux,1,0,Sri Lanka,1013,normal
2025-12-02 16:36:58.290146,user_013,192.168.3.182,Android,1,0,India,1544,normal
2025-12-06 11:57:14.290146,user_024,192.168.10.243,iOS,1,0,USA,900,normal
2025-12-04 13:01:01.290146,user_038,192.168.0.190,Linux,1,0,Sri Lanka,241,normal
2025-11-30 23:17:46.290146,user_016,192.168.7.229,Android,1,0,Australia,1263,normal
2025-12-05 22:37:04.290146,user_022,192.168.7.236,iOS,1,0,Australia,1418,normal
2025-12-05 22:35:46.290146,user_022,192.168.9.17,iOS,1,0,Sri Lanka,847,normal
2025-12-04 08:00:32.290146,user_048,192.168.0.178,Linux,1,0,Australia,1051,normal
2025-11-30 09:19:14.290146,user_022,192.168.9.78,Android,1,0,Sri Lanka,1189,normal
2025-12-03 19:23:26.290146,user_017,192.168.0.46,Android,1,0,India,372,normal
2025-11-30 07:53:40.290146,user_016,192.168.7.109,Windows,1,0,India,257,normal
2025-12-01 12:07:37.290146,user_011,192.168.3.211,MacOS,1,0,Sri Lanka,1650,normal
2025-12-04 09:13:49.290146,user_017,192.168.3.189,MacOS,1,0,India,810,normal
2025-11-30 19:55:00.290146,user_033,192.168.5.1,Linux,1,0,USA,164,normal
2025-12-04 22:12:51.290146,user_011,192.168.1.54,MacOS,1,0,Australia,701,normal
2025-11-30 10:26:36.290146,user_001,192.168.5.29,Linux,1,0,USA,1634,normal
2025-12-05 11:27:58.290146,user_023,192.168.1.14,iOS,1,0,UK,685,normal
2025-12-01 12:00:50.290146,user_024,192.168.2.233,Linux,1,0,Australia,986,normal
2025-12-01 20:37:40.290146,user_043,192.168.5.99,Windows,1,0,Australia,1637,normal
2025-12-04 04:15:52.290146,user_047,192.168.10.15,Windows,1,0,Sri Lanka,1341,normal
2025-12-06 18:37:33.297780,user_008,185.199.108.1,Windows,1,0,Unknown,721,anomalous
2025-12-01 00:52:12.290146,user_037,192.168.5.130,Android,1,0,USA,1453,normal
2025-12-06 23:55:33.297780,user_001,10.20.149.194,Windows,1,0,USA,7563,anomalous
2025-12-06 01:56:54.290146,user_021,192.168.7.130,Android,1,0,USA,1130,normal
2025-12-02 04:02:48.290146,user_018,192.168.4.139,MacOS,1,0,India,723,normal
2025-12-01 06:08:13.290146,user_006,192.168.3.19,Linux,1,0,Sri Lanka,1676,normal
2025-12-01 07:18:47.290146,user_015,192.168.3.70,Windows,1,0,India,826,normal
2025-12-05 11:49:38.290146,user_025,192.168.10.129,iOS,1,0,USA,618,normal
2025-12-01 08:17:54.290146,user_031,192.168.5.199,Android,1,0,India,1329,normal
2025-12-01 18:59:21.290146,user_049,192.168.1.174,Android,1,0,India,366,normal
2025-12-05 00:20:00.290146,user_028,192.168.10.161,iOS,1,0,UK,154,normal
2025-12-02 03:19:44.290146,user_023,192.168.1.211,Windows,1,0,Australia,723,normal
2025-12-02 14:46:49.290146,user_019,192.168.1.199,Windows,1,0,India,332,normal
2025-11-30 22:26:38.290146,user_049,192.168.7.170,Android,1,0,Sri Lanka,974,normal
2025-12-05 12:25:31.290146,user_017,192.168.3.119,MacOS,1,0,India,313,normal
2025-12-04 03:04:44.290146,user_005,192.168.9.223,MacOS,1,0,Sri Lanka,1441,normal
2025-12-04 12:57:50.290146,user_012,192.168.9.216,MacOS,1,0,India,1001,normal
2025-12-04 22:31:59.290146,user_010,192.168.9.167,iOS,1,0,UK,872,normal
2025-12-04 10:59:38.290146,user_027,192.168.10.29,Linux,1,0,India,1211,normal
2025-12-02 21:41:26.290146,user_014,192.168.0.124,Linux,1,0,USA,416,normal
2025-12-04 05:01:12.290146,user_033,192.168.0.49,iOS,1,0,USA,861,normal
2025-12-06 08:01:47.290146,user_048,192.168.7.227,Android,1,0,Australia,1632,normal
2025-12-05 06:36:17.290146,user_032,192.168.2.238,Android,1,0,Australia,100,normal
2025-12-05 07:32:33.290146,user_001,192.168.10.96,MacOS,1,0,USA,856,normal
2025-12-01 00:17:25.290146,user_024,192.168.1.212,MacOS,1,0,UK,508,normal
2025-12-03 17:03:38.290146,user_021,192.168.3.231,Linux,1,0,Sri Lanka,546,normal
2025-11-29 19:55:04.290146,user_006,192.168.3.198,Android,1,0,Sri Lanka,1153,normal
2025-12-05 20:39:09.290146,user_002,192.168.9.50,Android,1,0,UK,392,normal
2025-12-05 10:34:43.290146,user_007,192.168.7.17,Linux,1,0,Australia,1349,normal
2025-12-02 12:41:35.290146,user_046,192.168.0.51,Android,1,0,Australia,773,normal
2025-11-30 07:01:44.290146,user_035,192.168.4.221,Linux,1,0,USA,338,normal
2025-12-06 01:46:40.290146,user_037,192.168.5.112,Windows,1,0,Australia,578,normal
2025-12-06 20:11:33.297780,user_049,203.0.181.209,Android,0,22,Unknown,5,anomalous
2025-12-01 12:54:34.290146,user_014,192.168.3.247,Linux,1,0,Sri Lanka,1519,normal
2025-12-01 05:35:10.290146,user_009,192.168.4.40,Linux,1,0,Sri Lanka,720,normal
2025-12-05 05:31:27.290146,user_035,192.168.0.211,Windows,1,0,USA,1119,normal
2025-12-06 17:25:51.290146,user_046,192.168.7.210,Android,1,0,Sri Lanka,1114,normal
2025-12-02 06:30:14.290146,user_012,192.168.6.88,Linux,1,0,India,1676,normal
2025-12-06 18:51:33.297780,user_016,122.1.230.59,iOS,1,0,Russia,84,anomalous
2025-12-03 11:15:51.290146,user_030,192.168.4.85,Windows,1,0,India,978,normal
2025-12-06 05:11:01.290146,user_049,192.168.10.126,Windows,1,0,India,776,normal
2025-12-05 11:37:09.290146,user_047,192.168.0.193,Linux,1,0,Australia,955,normal
2025-12-06 12:49:27.290146,user_036,192.168.9.247,iOS,1,0,Sri Lanka,606,normal
2025-11-30 11:46:53.290146,user_040,192.168.3.54,Linux,1,0,India,239,normal
2025-12-01 04:53:45.290146,user_033,192.168.6.218,Android,1,0,Australia,101,normal
2025-12-05 22:47:09.290146,user_018,192.168.1.138,Android,1,0,USA,97,normal
2025-12-01 13:28:40.290146,user_028,192.168.7.13,MacOS,1,0,India,436,normal
2025-12-03 08:25:04.290146,user_016,192.168.9.193,MacOS,1,0,India,1640,normal
2025-11-30 20:24:32.290146,user_032,192.168.10.242,MacOS,1,0,India,1091,normal
2025-12-02 20:19:22.290146,user_047,192.168.9.135,MacOS,1,0,USA,245,normal
2025-12-04 06:20:11.290146,user_046,192.168.8.68,Android,1,0,UK,353,normal
2025-12-05 21:39:11.290146,user_015,192.168.5.132,Linux,1,0,India,325,normal
2025-12-05 15:59:54.290146,user_029,192.168.1.66,iOS,1,0,Sri Lanka,1493,normal
2025-12-06 11:57:58.290146,user_012,192.168.4.252,Linux,1,0,Sri Lanka,1378,normal
2025-12-03 09:31:28.290146,user_034,192.168.10.104,Linux,1,0,Sri Lanka,1280,normal
2025-12-03 15:41:19.290146,user_013,192.168.2.185,Windows,1,0,Australia,1497,normal
2025-12-04 02:07:55.290146,user_009,192.168.5.128,Android,1,0,USA,986,normal
2025-12-05 10:04:42.290146,user_002,192.168.8.45,MacOS,1,0,India,505,normal
2025-12-04 21:10:34.290146,user_035,192.168.8.253,iOS,1,0,India,1181,normal
2025-12-03 16:27:17.290146,user_043,192.168.1.29,MacOS,1,0,UK,1562,normal
2025-11-30 08:11:00.290146,user_001,192.168.7.152,Android,1,0,Sri Lanka,328,normal
2025-11-30 06:06:58.290146,user_022,192.168.1.17,MacOS,1,0,India,530,normal
2025-12-04 08:57:20.290146,user_028,192.168.3.84,Linux,1,0,Sri Lanka,489,normal
2025-12-02 00:14:17.290146,user_046,192.168.7.202,iOS,1,0,Australia,760,normal
2025-12-06 12:41:29.290146,user_032,192.168.2.162,Android,1,0,Sri Lanka,1320,normal
2025-12-06 09:52:36.290146,user_007,192.168.9.87,iOS,1,0,India,1107,normal
2025-12-05 01:29:42.290146,user_046,192.168.8.246,MacOS,1,0,India,1568,normal
2025-12-02 07:56:02.290146,user_043,192.168.1.156,Windows,1,0,India,1100,normal
2025-12-05 20:41:34.290146,user_048,192.168.7.66,Windows,1,0,USA,1054,normal
2025-11-30 09:37:28.290146,user_033,192.168.3.123,Linux,1,0,Australia,1385,normal
2025-12-02 16:50:09.290146,user_002,192.168.9.106,MacOS,1,0,UK,1688,normal
2025-12-03 07:06:08.290146,user_002,192.168.8.160,MacOS,1,0,UK,282,normal
2025-12-04 18:57:05.290146,user_012,192.168.6.102,MacOS,1,0,Australia,701,normal
2025-11-30 20:46:23.290146,user_023,192.168.7.235,Windows,1,0,USA,1362,normal
2025-11-29 19:41:07.290146,user_036,192.168.2.99,MacOS,1,0,UK,134,normal
2025-12-04 01:52:02.290146,user_047,192.168.6.104,Android,1,0,Australia,957,normal
2025-12-05 19:15:22.290146,user_027,192.168.1.206,iOS,1,0,India,1755,normal
2025-12-06 00:33:55.290146,user_018,192.168.10.56,Android,1,0,UK,861,normal
2025-12-03 02:40:04.290146,user_045,192.168.0.96,Linux,1,0,UK,1113,normal
2025-12-02 21:25:01.290146,user_017,192.168.1.37,MacOS,1,0,India,1240,normal
2025-12-05 00:51:17.290146,user_018,192.168.4.88,Windows,1,0,UK,1456,normal
2025-12-03 13:48:16.290146,user_025,192.168.7.10,Linux,1,0,India,773,normal
2025-11-30 12:03:48.290146,user_050,192.168.5.179,Linux,1,0,Sri Lanka,1632,normal
2025-12-03 08:50:01.290146,user_021,192.168.5.47,iOS,1,0,USA,728,normal
2025-11-30 17:25:50.290146,user_032,192.168.5.7,Windows,1,0,Australia,1596,normal
2025-12-01 13:15:43.290146,user_033,192.168.9.178,Windows,1,0,Sri Lanka,158,normal
2025-11-30 04:33:47.290146,user_040,192.168.5.117,Windows,1,0,UK,1407,normal
2025-12-02 17:13:45.290146,user_034,192.168.9.105,iOS,1,0,Sri Lanka,842,normal
2025-12-06 01:45:46.290146,user_004,192.168.9.47,MacOS,1,0,Sri Lanka,1673,normal
2025-12-01 08:55:59.290146,user_023,192.168.9.104,Android,1,0,Sri Lanka,1654,normal
2025-11-30 16:35:03.290146,user_001,192.168.6.199,MacOS,1,0,USA,280,normal
2025-12-02 03:36:43.290146,user_036,192.168.5.85,Android,1,0,India,1237,normal
2025-12-02 01:49:21.290146,user_039,192.168.6.125,Windows,1,0,UK,190,normal
2025-11-30 00:26:39.290146,user_017,192.168.7.164,MacOS,1,0,USA,552,normal
2025-12-02 05:45:11.290146,user_001,192.168.1.153,Linux,1,0,USA,106,normal
2025-12-03 19:35:28.290146,user_018,192.168.5.1,MacOS,1,0,India,1772,normal
2025-12-03 12:55:54.290146,user_023,192.168.5.12,MacOS,1,0,India,437,normal
2025-12-02 16:19:48.290146,user_041,192.168.4.154,MacOS,1,0,Australia,1576,normal
2025-12-03 17:55:15.290146,user_024,192.168.8.118,iOS,1,0,India,1783,normal
2025-12-03 20:21:43.290146,user_035,192.168.0.110,Android,1,0,India,1215,normal
2025-12-06 18:37:33.297780,user_046,10.20.219.34,Linux,1,0,USA,9319,anomalous
2025-11-30 14:44:19.290146,user_039,192.168.6.155,iOS,1,0,UK,899,normal
2025-12-03 08:51:39.290146,user_022,192.168.2.249,Android,1,0,Australia,90,normal
2025-11-30 11:25:43.290146,user_022,192.168.5.112,MacOS,1,0,Australia,1146,normal
2025-12-03 08:48:39.290146,user_004,192.168.0.61,Linux,1,0,India,1047,normal
2025-12-04 08:09:27.290146,user_049,192.168.7.234,Android,1,0,Australia,563,normal
2025-12-06 11:10:38.290146,user_048,192.168.0.5,iOS,1,0,Australia,1086,normal
2025-12-03 02:08:28.290146,user_001,192.168.3.212,MacOS,1,0,Sri Lanka,897,normal
2025-12-03 05:16:20.290146,user_030,192.168.3.177,Windows,1,0,UK,1021,normal
2025-12-02 18:43:05.290146,user_021,192.168.9.252,MacOS,1,0,USA,865,normal
2025-11-30 02:15:14.290146,user_037,192.168.3.12,iOS,1,0,USA,522,normal
2025-12-02 13:43:36.290146,user_044,192.168.9.153,iOS,1,0,Sri Lanka,445,normal
2025-11-30 02:29:30.290146,user_032,192.168.0.134,iOS,1,0,Australia,837,normal
2025-12-05 03:25:14.290146,user_022,192.168.3.248,Android,1,0,India,429,normal
2025-12-06 10:10:45.290146,user_014,192.168.5.72,iOS,1,0,Sri Lanka,847,normal
2025-11-30 09:38:07.290146,user_038,192.168.6.54,Android,1,0,USA,646,normal
2025-12-04 03:25:23.290146,user_044,192.168.1.104,MacOS,1,0,UK,1698,normal
2025-12-01 23:19:06.290146,user_014,192.168.10.11,Linux,1,0,USA,217,normal
2025-12-02 17:04:29.290146,user_011,192.168.6.187,Windows,1,0,Australia,247,normal
2025-12-03 13:03:11.290146,user_046,192.168.2.126,Windows,1,0,Sri Lanka,178,normal
2025-12-01 13:45:50.290146,user_037,192.168.10.196,iOS,1,0,Australia,719,normal
2025-11-29 21:55:46.290146,user_021,192.168.1.63,Android,1,0,Sri Lanka,391,normal
2025-12-02 02:06:32.290146,user_033,192.168.4.100,iOS,1,0,USA,344,normal
2025-12-02 12:54:14.290146,user_037,192.168.10.162,Android,1,0,Australia,1503,normal
2025-11-30 23:42:21.290146,user_002,192.168.2.6,Linux,1,0,India,541,normal
2025-12-04 02:55:55.290146,user_021,192.168.6.246,MacOS,1,0,Australia,1246,normal
2025-12-05 05:30:58.290146,user_036,192.168.7.160,Windows,1,0,UK,850,normal
2025-12-04 15:04:21.290146,user_008,192.168.0.172,MacOS,1,0,UK,697,normal
2025-12-03 18:45:22.290146,user_031,192.168.5.250,iOS,1,0,USA,1651,normal
2025-12-06 23:58:33.297780,user_031,10.20.109.68,Android,1,0,USA,7050,anomalous
2025-12-05 23:51:32.290146,user_017,192.168.5.180,MacOS,1,0,USA,1390,normal
2025-12-03 16:01:58.290146,user_021,192.168.2.1,Android,1,0,Sri Lanka,817,normal
2025-12-02 18:32:06.290146,user_042,192.168.0.190,iOS,1,0,India,1390,normal
2025-12-03 11:47:23.290146,user_040,192.168.6.245,Android,1,0,UK,861,normal
2025-12-02 13:19:52.290146,user_036,192.168.6.192,Android,1,0,Sri Lanka,993,normal
2025-12-03 23:42:52.290146,user_023,192.168.10.96,Android,1,0,Sri Lanka,1604,normal
2025-12-05 12:18:34.290146,user_007,192.168.6.218,Linux,1,0,UK,929,normal
2025-12-04 01:46:09.290146,user_018,192.168.0.40,MacOS,1,0,India,507,normal
2025-12-01 13:51:13.290146,user_015,192.168.2.140,Linux,1,0,UK,102,normal
2025-12-06 05:20:59.290146,user_032,192.168.0.51,iOS,1,0,Australia,1262,normal
2025-12-05 23:10:45.290146,user_026,192.168.10.137,Android,1,0,USA,204,normal
2025-12-04 17:09:06.290146,user_039,192.168.6.73,Linux,1,0,UK,724,normal
2025-12-01 22:54:11.290146,user_049,192.168.8.102,Linux,1,0,Sri Lanka,1275,normal
2025-12-01 08:04:48.290146,user_019,192.168.6.161,MacOS,1,0,Australia,404,normal
2025-12-05 05:24:44.290146,user_034,192.168.7.225,Android,1,0,Sri Lanka,752,normal
2025-11-30 01:58:16.290146,user_018,192.168.3.12,Linux,1,0,Sri Lanka,496,normal
2025-12-05 18:29:24.290146,user_043,192.168.0.186,iOS,1,0,Australia,851,normal
2025-12-01 15:42:07.290146,user_016,192.168.5.245,iOS,1,0,UK,828,normal
2025-12-05 22:56:25.290146,user_030,192.168.5.110,MacOS,1,0,Sri Lanka,100,normal
2025-12-06 08:50:30.290146,user_024,192.168.3.47,Windows,1,0,Australia,1005,normal
2025-12-01 00:33:23.290146,user_027,192.168.2.10,Windows,1,0,UK,1437,normal
2025-12-02 09:45:21.290146,user_030,192.168.2.107,Windows,1,0,Sri Lanka,86,normal
2025-11-30 12:05:57.290146,user_041,192.168.10.230,Windows,1,0,Australia,345,normal
2025-11-30 20:17:02.290146,user_028,192.168.8.116,Android,1,0,UK,1383,normal
2025-11-30 16:55:22.290146,user_021,192.168.6.127,Android,1,0,UK,1547,normal
2025-11-30 21:07:37.290146,user_037,192.168.1.194,iOS,1,0,Sri Lanka,778,normal
2025-12-06 11:28:41.290146,user_029,192.168.5.20,iOS,1,0,Australia,1270,normal
2025-12-06 14:15:12.290146,user_030,192.168.7.213,iOS,1,0,Australia,133,normal
2025-12-03 09:52:06.290146,user_039,192.168.1.129,iOS,1,0,Sri Lanka,1587,normal
2025-12-01 11:27:39.290146,user_048,192.168.5.68,Windows,1,0,USA,955,normal
2025-12-04 07:09:56.290146,user_043,192.168.10.152,iOS,1,0,Australia,1599,normal
2025-12-06 08:08:33.290146,user_015,192.168.4.182,MacOS,1,0,USA,441,normal
2025-12-05 17:13:12.290146,user_039,192.168.4.205,MacOS,1,0,USA,74,normal
2025-12-06 18:41:33.297780,user_046,203.0.93.255,iOS,0,16,Unknown,7,anomalous
2025-12-02 23:46:52.290146,user_002,192.168.2.112,MacOS,1,0,UK,881,normal
2025-12-05 00:17:17.290146,user_012,192.168.0.51,Linux,1,0,UK,1460,normal
2025-12-06 21:30:33.297780,user_045,10.20.231.62,Windows,1,0,USA,5089,anomalous
2025-12-01 01:34:56.290146,user_026,192.168.1.87,MacOS,1,0,Sri Lanka,416,normal
2025-12-07 01:44:33.297780,user_043,66.102.0.1,iOS,1,0,Unknown,208,anomalous
2025-12-03 16:07:40.290146,user_011,192.168.9.128,Android,1,0,India,386,normal
2025-12-04 13:17:48.290146,user_010,192.168.4.214,Windows,1,0,UK,1622,normal
2025-11-30 23:51:11.290146,user_027,192.168.5.137,Windows,1,0,India,290,normal
2025-12-06 03:47:39.290146,user_010,192.168.1.92,Linux,1,0,India,1601,normal
2025-11-30 19:51:13.290146,user_021,192.168.7.108,MacOS,1,0,UK,982,normal
2025-12-05 05:41:27.290146,user_040,192.168.4.242,Linux,1,0,UK,1227,normal
2025-12-06 07:55:14.290146,user_040,192.168.6.194,Linux,1,0,UK,344,normal
2025-11-30 22:55:12.290146,user_018,192.168.9.224,Linux,1,0,Sri Lanka,754,normal
2025-12-04 16:56:37.290146,user_040,192.168.5.45,MacOS,1,0,India,86,normal
2025-12-05 12:57:19.290146,user_040,192.168.7.4,iOS,1,0,Sri Lanka,72,normal
2025-12-01 20:25:52.290146,user_005,192.168.1.236,Windows,1,0,Sri Lanka,624,normal
2025-12-03 02:19:00.290146,user_031,192.168.2.11,Android,1,0,USA,104,normal
2025-12-03 04:36:00.290146,user_021,192.168.8.41,MacOS,1,0,Sri Lanka,1675,normal
2025-12-04 22:13:27.290146,user_003,192.168.7.192,Android,1,0,UK,1733,normal
2025-12-04 01:38:02.290146,user_007,192.168.3.172,MacOS,1,0,UK,429,normal
2025-12-01 12:43:04.290146,user_014,192.168.2.154,iOS,1,0,Sri Lanka,441,normal
2025-12-02 14:06:51.290146,user_037,192.168.2.224,Windows,1,0,Australia,628,normal
2025-12-04 08:40:46.290146,user_003,192.168.10.195,Windows,1,0,UK,1323,normal
2025-12-06 08:55:10.290146,user_046,192.168.0.29,Android,1,0,India,495,normal
2025-12-01 03:02:39.290146,user_050,192.168.10.90,iOS,1,0,UK,350,normal
2025-11-30 21:17:29.290146,user_016,192.168.1.81,iOS,1,0,USA,481,normal
2025-12-02 01:41:56.290146,user_003,192.168.5.232,iOS,1,0,Sri Lanka,264,normal
2025-12-06 19:56:33.297780,user_027,10.20.244.26,iOS,1,0,USA,8730,anomalous
2025-12-02 06:44:27.290146,user_016,192.168.1.9,Android,1,0,Australia,1049,normal
2025-11-29 21:46:01.290146,user_018,192.168.1.203,iOS,1,0,USA,1730,normal
2025-12-03 09:19:35.290146,user_039,192.168.7.60,Windows,1,0,Sri Lanka,1402,normal
2025-12-05 23:32:54.290146,user_005,192.168.9.29,MacOS,1,0,UK,703,normal
2025-12-04 16:13:05.290146,user_007,192.168.0.212,Windows,1,0,UK,580,normal
2025-12-03 17:55:10.290146,user_014,192.168.1.189,Windows,1,0,Australia,200,normal
2025-11-30 19:55:35.290146,user_039,192.168.10.165,iOS,1,0,India,1113,normal
2025-12-06 02:43:25.290146,user_027,192.168.8.242,Linux,1,0,India,1304,normal
2025-12-06 04:13:15.290146,user_014,192.168.3.61,Linux,1,0,Sri Lanka,136,normal
2025-12-01 09:44:57.290146,user_012,192.168.8.217,Android,1,0,India,817,normal
2025-12-03 07:48:08.290146,user_047,192.168.2.32,Linux,1,0,India,1723,normal
2025-12-06 21:37:33.297780,user_008,185.199.108.1,MacOS,1,0,Unknown,117,anomalous
2025-12-04 10:34:05.290146,user_029,192.168.3.60,MacOS,1,0,India,283,normal
2025-12-02 07:19:36.290146,user_047,192.168.3.156,Android,1,0,USA,268,normal
2025-12-05 07:58:26.290146,user_027,192.168.7.76,Windows,1,0,Sri Lanka,578,normal
2025-12-02 09:09:46.290146,user_029,192.168.3.145,Windows,1,0,UK,247,normal
2025-12-04 07:20:25.290146,user_019,192.168.4.130,Linux,1,0,Australia,1407,normal
2025-12-02 04:04:50.290146,user_005,192.168.0.195,Linux,1,0,USA,118,normal
2025-12-01 08:54:51.290146,user_030,192.168.0.218,Android,1,0,Sri Lanka,721,normal
2025-12-04 14:57:08.290146,user_007,192.168.5.66,Linux,1,0,Australia,95,normal
2025-12-01 00:08:34.290146,user_020,192.168.7.123,iOS,1,0,UK,1053,normal
2025-11-29 23:42:52.290146,user_019,192.168.0.164,Windows,1,0,Sri Lanka,887,normal
2025-12-04 08:12:18.290146,user_020,192.168.8.54,Windows,1,0,Sri Lanka,1032,normal
2025-12-02 18:06:12.290146,user_017,192.168.0.62,Windows,1,0,USA,853,normal
2025-12-01 21:36:42.290146,user_043,192.168.3.61,Linux,1,0,Sri Lanka,84,normal
2025-12-05 11:18:16.290146,user_030,192.168.2.132,Android,1,0,Australia,448,normal
2025-12-01 10:52:27.290146,user_004,192.168.9.164,MacOS,1,0,USA,1355,normal
2025-12-06 01:45:36.290146,user_021,192.168.10.184,MacOS,1,0,UK,1535,normal
2025-12-04 03:48:26.290146,user_025,192.168.8.177,Linux,1,0,UK,1116,normal
2025-12-03 08:55:43.290146,user_003,192.168.7.209,iOS,1,0,UK,1129,normal
2025-12-05 14:46:07.290146,user_031,192.168.7.80,Windows,1,0,USA,91,normal
2025-12-04 16:02:49.290146,user_014,192.168.2.187,Linux,1,0,USA,1263,normal
2025-12-05 03:36:01.290146,user_034,192.168.10.37,Android,1,0,UK,842,normal
2025-11-30 05:52:02.290146,user_032,192.168.1.132,Windows,1,0,USA,1062,normal
2025-12-06 22:28:33.297780,user_012,10.20.183.1,iOS,1,0,USA,8786,anomalous
2025-11-30 14:24:14.290146,user_003,192.168.7.170,Android,1,0,Australia,1428,normal
2025-12-05 23:05:51.290146,user_014,192.168.1.115,MacOS,1,0,USA,1203,normal
2025-12-02 08:17:22.290146,user_011,192.168.9.24,Windows,1,0,Australia,352,normal
2025-11-30 14:00:32.290146,user_042,192.168.10.220,Linux,1,0,India,646,normal
2025-12-05 13:45:26.290146,user_009,192.168.9.255,Linux,1,0,India,1577,normal
2025-12-04 19:51:32.290146,user_031,192.168.5.82,MacOS,1,0,UK,64,normal
2025-12-06 14:21:00.290146,user_007,192.168.10.113,MacOS,1,0,Sri Lanka,350,normal
2025-12-04 05:11:47.290146,user_029,192.168.4.34,iOS,1,0,Australia,115,normal
2025-12-02 12:09:04.290146,user_041,192.168.8.103,MacOS,1,0,USA,1586,normal
2025-12-05 21:23:56.290146,user_039,192.168.3.245,Android,1,0,Sri Lanka,1727,normal
2025-11-30 03:38:49.290146,user_043,192.168.5.88,MacOS,1,0,UK,1224,normal
2025-12-04 20:24:44.290146,user_033,192.168.9.175,Linux,1,0,Sri Lanka,332,normal
2025-12-03 03:52:46.290146,user_001,192.168.1.125,Windows,1,0,Australia,107,normal
2025-12-06 19:12:33.297780,user_012,101.44.1.98,MacOS,1,0,Unknown,356,anomalous
2025-12-03 09:07:29.290146,user_030,192.168.10.246,Windows,1,0,Sri Lanka,881,normal
2025-12-06 14:17:43.290146,user_010,192.168.2.89,Linux,1,0,UK,859,normal
2025-11-30 03:53:46.290146,user_039,192.168.8.82,Android,1,0,UK,506,normal
2025-12-03 11:46:52.290146,user_009,192.168.1.52,iOS,1,0,Australia,837,normal
2025-12-03 07:15:03.290146,user_015,192.168.0.230,iOS,1,0,India,298,normal
2025-12-04 21:10:07.290146,user_027,192.168.0.150,iOS,1,0,UK,590,normal
2025-12-02 17:30:45.290146,user_020,192.168.2.214,Windows,1,0,UK,1362,normal
2025-12-05 00:04:45.290146,user_040,192.168.4.84,iOS,1,0,Sri Lanka,1757,normal
2025-12-03 07:44:50.290146,user_019,192.168.4.87,Linux,1,0,India,806,normal
2025-12-02 16:01:05.290146,user_013,192.168.3.37,Android,1,0,USA,64,normal
2025-12-02 19:44:38.290146,user_009,192.168.8.198,Android,1,0,Sri Lanka,483,normal
2025-12-01 05:41:37.290146,user_008,192.168.0.103,iOS,1,0,UK,419,normal
2025-12-01 03:10:57.290146,user_025,192.168.5.169,MacOS,1,0,Australia,509,normal
2025-12-03 13:44:31.290146,user_045,192.168.10.84,Android,1,0,Australia,1501,normal
2025-11-30 13:02:13.290146,user_026,192.168.4.203,Android,1,0,India,1081,normal
2025-11-30 07:20:08.290146,user_015,192.168.6.205,Windows,1,0,India,1796,normal
2025-12-01 02:48:29.290146,user_045,192.168.7.75,Android,1,0,Sri Lanka,1241,normal
2025-12-02 21:21:17.290146,user_001,192.168.9.11,MacOS,1,0,UK,1243,normal
2025-12-05 06:07:23.290146,user_002,192.168.6.72,Windows,1,0,Australia,924,normal
2025-12-04 13:37:21.290146,user_037,192.168.5.240,Linux,1,0,Sri Lanka,153,normal
2025-12-04 05:35:08.290146,user_025,192.168.3.199,iOS,1,0,USA,1306,normal
2025-12-03 00:29:53.290146,user_010,192.168.2.19,Windows,1,0,India,931,normal
2025-11-30 10:34:13.290146,user_003,192.168.6.104,Android,1,0,Australia,1767,normal
2025-12-05 02:49:59.290146,user_040,192.168.0.126,Android,1,0,UK,219,normal
2025-11-30 23:11:08.290146,user_015,192.168.8.144,Windows,1,0,UK,830,normal
2025-11-30 01:11:51.290146,user_024,192.168.1.98,Linux,1,0,Australia,1006,normal
2025-12-01 22:26:15.290146,user_050,192.168.8.46,MacOS,1,0,Australia,173,normal
2025-12-03 15:14:58.290146,user_026,192.168.0.155,Windows,1,0,Australia,143,normal
2025-11-30 21:34:07.290146,user_033,192.168.3.180,MacOS,1,0,Sri Lanka,1216,normal
2025-12-06 22:49:33.297780,user_012,10.20.253.83,iOS,1,0,USA,7389,anomalous
2025-12-02 20:03:42.290146,user_042,192.168.3.57,Android,1,0,Sri Lanka,446,normal
2025-12-02 04:59:31.290146,user_046,192.168.5.77,Android,1,0,Sri Lanka,1028,normal
2025-12-01 16:14:42.290146,user_009,192.168.9.186,MacOS,1,0,Australia,1339,normal
2025-12-02 11:50:24.290146,user_010,192.168.1.99,Linux,1,0,India,1760,normal
2025-12-02 11:36:27.290146,user_042,192.168.5.189,iOS,1,0,Australia,1093,normal
2025-12-04 23:34:28.290146,user_040,192.168.6.229,Linux,1,0,Australia,128,normal
2025-12-03 16:45:41.290146,user_013,192.168.1.68,Linux,1,0,Sri Lanka,198,normal
2025-12-02 01:09:15.290146,user_038,192.168.4.62,Windows,1,0,USA,719,normal
2025-12-07 01:13:33.297780,user_050,122.1.251.124,Linux,1,0,Russia,142,anomalous
2025-12-06 01:37:53.290146,user_015,192.168.3.251,Android,1,0,Sri Lanka,242,normal
2025-12-03 12:07:37.290146,user_028,192.168.0.37,Windows,1,0,USA,388,normal
2025-12-04 15:52:44.290146,user_036,192.168.3.182,iOS,1,0,India,137,normal
2025-12-06 12:25:48.290146,user_022,192.168.8.62,Windows,1,0,Australia,873,normal
2025-12-03 19:18:38.290146,user_048,192.168.1.55,Android,1,0,India,106,normal
2025-12-01 23:45:46.290146,user_012,192.168.4.186,Android,1,0,UK,507,normal
2025-12-03 11:40:51.290146,user_016,192.168.4.193,iOS,1,0,USA,674,normal
2025-12-02 07:34:48.290146,user_019,192.168.1.29,MacOS,1,0,UK,844,normal
2025-11-30 18:55:35.290146,user_041,192.168.4.74,Linux,1,0,Australia,1703,normal
2025-11-30 03:22:59.290146,user_010,192.168.2.109,MacOS,1,0,Sri Lanka,1135,normal
2025-12-02 17:58:34.290146,user_011,192.168.7.154,Android,1,0,India,245,normal
2025-12-04 09:38:05.290146,user_047,192.168.2.119,iOS,1,0,UK,1530,normal
2025-12-03 04:46:16.290146,user_008,192.168.3.128,Linux,1,0,Australia,1655,normal
2025-12-05 09:49:03.290146,user_030,192.168.10.70,Android,1,0,Sri Lanka,373,normal
2025-12-01 21:57:16.290146,user_009,192.168.5.56,Linux,1,0,Sri Lanka,1168,normal
2025-12-04 23:41:54.290146,user_005,192.168.6.56,Windows,1,0,Australia,1353,normal
2025-12-02 10:54:23.290146,user_030,192.168.8.116,Android,1,0,USA,579,normal
2025-12-02 07:14:02.290146,user_007,192.168.5.199,Linux,1,0,Sri Lanka,813,normal
2025-12-03 22:12:30.290146,user_020,192.168.0.17,Android,1,0,UK,1429,normal
2025-12-06 00:08:04.290146,user_030,192.168.0.112,Linux,1,0,USA,533,normal
2025-11-30 19:19:32.290146,user_043,192.168.10.146,Android,1,0,Australia,1442,normal
2025-12-02 07:27:02.290146,user_046,192.168.2.177,Windows,1,0,India,1255,normal
2025-12-05 11:59:29.290146,user_026,192.168.0.250,MacOS,1,0,Sri Lanka,331,normal
2025-12-06 15:59:46.290146,user_029,192.168.5.8,Linux,1,0,Australia,1697,normal
2025-12-01 18:19:19.290146,user_025,192.168.7.228,iOS,1,0,Sri Lanka,520,normal
2025-12-05 02:08:54.290146,user_005,192.168.6.155,MacOS,1,0,USA,1348,normal
2025-12-06 19:16:33.297780,user_023,122.1.84.130,Linux,1,0,Russia,186,anomalous
2025-11-29 21:49:12.290146,user_043,192.168.0.239,iOS,1,0,India,1043,normal
2025-12-02 19:16:06.290146,user_021,192.168.10.124,iOS,1,0,UK,887,normal
2025-12-06 06:44:35.290146,user_042,192.168.0.155,iOS,1,0,USA,1719,normal
2025-11-30 01:22:31.290146,user_024,192.168.7.39,MacOS,1,0,UK,1729,normal
2025-12-03 14:21:48.290146,user_014,192.168.7.214,Linux,1,0,Australia,1236,normal
